x,result
-999,1.026110606
-998,1.373320317
-997,0.457905662
-996,-0.878505347
-995,-1.407222591
-994,-0.642145875
-993,0.713316797
-992,1.412959296
-991,0.813533534
-990,-0.533851207
-989,-1.39041561
-988,-0.968638314
-987,0.343700581
-986,1.340042747
-985,1.104355791
-984,-0.146670786
-983,-1.262848919
-982,-1.21796958
-981,-0.053294626
-980,1.160379161
-979,1.307205699
-978,0.252193345
-977,-1.034684407
-976,-1.370278087
-975,-0.446044413
-974,0.888280437
-973,1.40592435
-972,0.630967899
-971,-0.724097528
-970,-1.413431028
-969,-0.803262559
-968,0.545421802
-967,1.392647874
-966,0.959479912
-965,-0.355829455
-964,-1.343990863
-963,-1.096493269
-962,0.159115179
-961,1.268433866
-960,1.211560306
-959,0.040783788
-958,-1.167489156
-957,-1.302377954
-956,-0.239866467
-955,1.043177144
-954,1.3671285
-953,0.434148218
-952,-0.897985933
-951,-1.404515959
-950,-0.619740489
-949,0.734821528
-948,1.413792021
-947,0.79292865
-946,-0.556949665
-945,-1.394771027
-944,-0.950246338
-943,0.367930451
-942,1.347833681
-941,1.08854484
-940,-0.171547106
-939,-1.273919434
-938,-1.205056109
-937,-0.028269755
-936,1.174507682
-935,1.297448172
-934,0.227520797
-933,-1.05158815
-932,-1.363871801
-931,-0.422218008
-930,0.907621075
-929,1.402997527
-928,0.608464524
-927,-0.745487957
-926,-1.414042248
-925,-0.782532617
-924,0.568433893
-923,1.396784903
-922,0.940938315
-921,-0.38000262
-920,-1.351570899
-919,-1.080511126
-918,0.183965593
-917,1.279305195
-916,1.1984575
-915,0.015753507
-914,-1.181434188
-913,-1.292416739
-912,-0.2151573
-911,1.059916768
-910,1.360508248
-909,0.410254719
-908,-0.917185106
-907,-1.401369175
-906,-0.597140887
-905,0.756095979
-904,1.414181688
-903,0.772075275
-902,-0.579873585
-901,-1.398689346
-900,-0.931556572
-899,0.392045018
-898,1.355202226
-897,1.072392758
-896,-0.196369667
-895,-1.284590725
-894,-1.191764995
-893,-0.003236025
-892,1.188268132
-891,1.287284048
-890,0.202776947
-889,-1.068162344
-888,-1.357038102
-887,-0.398259287
-886,0.926677279
-885,1.399631029
-884,0.585770465
-883,-0.766644763
-882,-1.414210332
-881,-0.761557444
-880,0.591267846
-879,1.400484205
-878,0.922101844
-877,-0.404056699
-876,-1.358727377
-875,-1.06419037
-874,0.208758355
-873,1.289775612
-872,1.184979119
-871,-0.009281711
-870,-1.195008978
-869,-1.282050502
-868,-0.190380707
-867,1.076324233
-866,1.353461636
-865,0.386232653
-864,-0.93609685
-863,-1.397783226
-862,-0.574354151
-861,0.777133482
-860,1.414128176
-859,0.750979946
-858,-0.602615783
-857,-1.40216934
-856,-0.912574872
-855,0.416036724
-854,1.362146075
-853,1.055904607
-852,-0.221130688
-851,-1.294859448
-850,-1.178100403
-849,0.021798719
-848,1.201656199
-847,1.276716511
-846,0.177969551
-845,-1.084401794
-844,-1.34977913
-843,-0.374175759
-842,0.94544308
-841,1.395825911
-840,0.562892837
-839,-0.787561315
-838,-1.413935226
-837,-0.740343611
-836,0.613916506
-835,1.403744619
-834,0.902976403
-833,-0.427984154
-832,-1.365458053
-831,-1.047536115
-830,0.233485696
-829,1.299841835
-828,1.171129386
-827,-0.03431402
-826,-1.208209274
-825,-1.271282493
-824,-0.165544451
-823,1.092394396
-822,1.345990873
-821,0.362089549
-820,-0.954715236
-819,-1.393759237
-818,-0.551387422
-817,0.797927445
-816,1.4136315
-815,0.729649272
-814,-0.625169131
-813,-1.405209918
-812,-0.893307187
-811,0.439898052
-810,1.368663051
-809,1.039085553
-808,-0.245822411
-807,-1.304722383
-806,-1.164066614
-805,0.046826632
-804,1.214667688
-803,1.265748874
-802,0.153106382
-801,-1.100301411
-800,-1.342097161
-799,-0.349974971
-798,0.963912594
-797,1.391583365
-796,0.539838808
-795,-0.80823106
-794,-1.413217018
-793,-0.718897768
-792,0.636372775
-791,1.406565123
-790,0.883567984
-789,-0.451777485
-788,-1.371760818
-787,-1.030553581
-786,0.258139866
-785,1.30950071
-784,1.156912641
-783,-0.059335575
-782,-1.221030937
-781,-1.260116086
-780,-0.140656317
-779,1.108122221
-778,1.3380983
-777,0.337832972
-776,-0.973034432
-775,-1.389298467
-774,-0.528247899
-773,0.818471352
-772,1.412691816
-771,0.708089939
-770,-0.647526562
-769,-1.407810128
-768,-0.873759555
-767,0.463621523
-766,1.374751111
-765,1.021940868
-764,-0.270437097
-763,-1.314176442
-762,-1.149668027
-761,0.07183987
-760,1.227298522
-759,1.254384572
-758,0.128195232
-757,-1.115856213
-756,-1.333994602
-755,-0.325664506
-754,0.982080035
-753,1.386904721
-752,0.516615602
-751,-0.828647519
-750,-1.412055933
-749,-0.697226634
-748,0.658629616
-747,1.408944835
-746,0.86388267
-745,-0.475429238
-744,-1.377633697
-743,-1.013248088
-742,0.28271314
-741,1.318749211
-740,1.142333339
-739,-0.084338536
-738,-1.233469951
-737,-1.248554781
-736,-0.115724104
-735,1.123502781
-734,1.32978639
-733,0.313470525
-732,-0.991048695
-731,-1.384402315
-730,-0.504942831
-729,0.838758763
-728,1.411309419
-727,0.686308703
-726,-0.669681069
-725,-1.409969155
-724,-0.853938102
-723,0.487199704
-722,1.380408349
-721,1.004475924
-720,-0.294967033
-719,-1.32321866
-718,-1.134909153
-717,0.096830595
-716,1.239544741
-715,1.242627169
-714,0.103243908
-713,-1.131061325
-712,-1.325473992
-711,-0.301251984
-710,0.999939709
-709,1.381791445
-708,0.493230499
-707,-0.848804294
-706,-1.410452333
-705,-0.675337002
-704,0.680680054
-703,1.410883008
-702,0.84392663
-701,-0.498931999
-700,-1.383074849
-699,-0.995625062
-698,0.307197816
-697,1.327584438
-696,1.127396051
-695,-0.109315067
-694,-1.245522416
-693,-1.2366022
-692,-0.090755624
-691,1.138531254
-690,1.321057748
-689,0.289009841
-688,-1.008752381
-687,-1.379072316
-686,-0.481479523
-685,0.858783323
-684,1.409484742
-683,0.66431239
-682,-0.69162571
-681,-1.411686322
-680,-0.833849039
-679,0.510625204
-678,1.38563299
-677,0.986696195
-676,-0.319404531
-675,-1.331846204
-674,-1.119794619
-673,0.121790974
-672,1.251402508
-671,1.230480347
-670,0.078260229
-669,-1.145911982
-668,-1.316538002
-667,-0.276745054
-666,1.01748602
-665,1.37624514
-664,0.469690825
-663,-0.868695068
-662,-1.408406722
-661,-0.653235731
-660,0.702517179
-659,1.412379034
-658,0.823706119
-657,-0.522278403
-656,-1.38808257
-655,-0.977690023
-654,0.331586222
-653,1.336003624
-652,1.112105455
-651,-0.13425734
-650,-1.257184556
-649,-1.224262089
-648,-0.065758703
-647,1.153202931
-646,1.311915109
-645,0.264458586
-644,-1.026139941
-643,-1.373310139
-642,-0.457865328
-641,0.878538754
-640,1.407218357
-639,0.642107892
-638,-0.713353607
-637,-1.41296109
-636,-0.813498663
-635,0.533890683
-634,1.390423398
-633,0.968607252
-632,-0.343741934
-631,-1.340056371
-630,-1.104329161
-629,0.146713187
-628,1.262868107
-627,1.217947914
-626,0.053252025
-625,-1.16040353
-624,-1.307189431
-623,-0.252151398
-622,1.034713468
-621,1.370267543
-620,0.446003958
-619,-0.888313609
-618,-1.40591974
-617,-0.630929747
-616,0.724134147
-615,1.413432445
-614,0.803227472
-613,-0.545461135
-612,-1.392655289
-611,-0.959448594
-610,0.355870714
-609,1.344004129
-608,1.096466345
-607,-0.159157539
-606,-1.268452716
-605,-1.211538316
-604,-0.040741175
-603,1.167513214
-602,1.302361339
-601,0.239824454
-600,-1.043205927
-599,-1.36711759
-598,-0.434107646
-597,0.898018866
-596,1.404510974
-595,0.619702169
-594,-0.734857952
-593,-1.413793061
-592,-0.79289335
-591,0.55698885
-590,1.394778071
-589,0.950214765
-588,-0.367971613
-587,-1.347846587
-586,-1.088517625
-585,0.171589422
-584,1.273937946
-583,1.205033797
-582,0.028227133
-581,-1.174531427
-580,-1.29743121
-579,-0.227478721
-578,1.051616654
-577,1.363860528
-576,0.422177322
-575,-0.907653767
-574,-1.402992168
-573,-0.60842604
-572,0.745524183
-571,1.414042911
-570,0.782497107
-569,-0.568472928
-568,-1.396791575
-567,-0.94090649
-566,0.380043683
-565,1.351583446
-564,1.080483622
-563,-0.184007861
-562,-1.279323365
-561,-1.198434867
-560,-0.015710879
-559,1.181457619
-558,1.292399431
-557,0.215115166
-556,-1.05994499
-555,-1.360496611
-554,-0.410213921
-553,0.917217555
-552,1.401363442
-551,0.597102243
-550,-0.756132005
-549,-1.414181974
-548,-0.772039558
-547,0.579912467
-546,1.398695644
-545,0.931524497
-544,-0.392085977
-543,-1.355214412
-542,-1.072364966
-541,0.196411884
-540,1.284608554
-539,1.191742044
-538,0.003193394
-537,-1.188291247
-536,-1.287266396
-535,-0.202734757
-534,1.068190282
-533,1.357026102
-532,0.398218382
-531,-0.926709482
-530,-1.399624922
-529,-0.585731664
-528,0.766680585
-527,1.41421024
-526,0.761521522
-525,-0.591306572
-524,-1.40049013
-523,-0.922069522
-522,0.404097553
-521,1.358739201
-520,1.064162294
-519,-0.208800518
-518,-1.289793097
-517,-1.18495585
-516,0.00932434
-515,1.195031775
-514,1.282032507
-513,0.190338464
-512,-1.076351885
-511,-1.353449275
-510,-0.386191643
-509,0.936128804
-508,1.397776746
-507,0.574315194
-506,-0.777169099
-505,-1.414127706
-504,-0.750943822
-503,0.602654349
-502,1.402174891
-501,0.912542305
-500,-0.416077468
-499,-1.362157536
-498,-1.055876247
-497,0.221172794
-496,1.294876588
-495,1.178076819
-494,-0.021841345
-493,-1.201678676
-492,-1.276698175
-491,-0.177927259
-490,1.084429158
-489,1.349766409
-488,0.374134648
-487,-0.945474783
-486,-1.395819058
-485,-0.562853729
-484,0.787596723
-483,1.41393438
-482,0.740307288
-481,-0.61395491
-480,-1.403749796
-479,-0.902943593
-478,0.428024785
-477,1.36546915
-476,1.047507475
-475,-0.233527741
-474,-1.299858629
-473,-1.171105488
-472,0.034356638
-471,1.208231429
-470,1.271263817
-469,0.165502114
-468,-1.092421469
-467,-1.345977792
-466,-0.36204834
-465,0.954746686
-464,1.393752012
-463,0.551348165
-462,-0.797962642
-461,-1.413630276
-460,-0.729612754
-459,0.625207369
-458,1.40521472
-457,0.893274138
-456,-0.439938567
-455,-1.368673783
-454,-1.039056634
-453,0.245864392
-452,1.30473883
-451,1.164042405
-450,-0.046869239
-449,-1.214689521
-448,-1.265729859
-447,-0.153064002
-446,1.100328193
-445,1.342083721
-444,0.349933666
-443,-0.963943788
-442,-1.391575769
-441,-0.539799405
-440,0.808266042
-439,1.413215418
-438,0.718861056
-437,-0.636410846
-436,-1.406569551
-435,-0.883534697
-434,0.451817882
-433,1.371771184
-432,1.030524386
-431,-0.25818178
-430,-1.309516808
-429,-1.156888122
-428,0.059378168
-427,1.221052445
-426,1.260096734
-425,0.140613898
-424,-1.108148708
-423,-1.338084502
-422,-0.337791576
-421,0.973065367
-420,1.3892905
-419,0.528208353
-418,-0.818506117
-417,-1.412689838
-416,-0.708053037
-415,0.647564461
-414,1.40781418
-413,0.873726034
-412,-0.463661798
-411,-1.374761111
-410,-1.021911399
-409,0.270478941
-408,1.31419219
-407,1.1496432
-406,-0.071882446
-405,-1.227319702
-404,-1.254364885
-403,-0.128152777
-402,1.115882403
-401,1.333980448
-400,0.325623021
-399,-0.98211071
-398,-1.386896383
-397,-0.516575918
-396,0.828682064
-395,1.412053578
-394,0.697189544
-393,-0.658667341
-392,-1.408948511
-391,-0.863848917
-390,0.475469387
-389,1.37764333
-388,1.013218348
-387,-0.28275491
-386,-1.318764608
-385,-1.142308207
-384,0.084381091
-383,1.233490803
-382,1.24853476
-381,0.115681616
-380,-1.123528672
-379,-1.32977188
-378,-0.313428954
-377,0.991079107
-376,1.384393608
-375,0.50490301
-374,-0.838793086
-373,-1.411306688
-372,-0.686271429
-371,0.669718617
-370,1.409972455
-369,0.85390412
-368,-0.487239724
-367,-1.380417613
-366,-1.004445915
-365,0.295008726
-364,1.323233704
-363,1.134883717
-362,-0.096873125
-361,-1.239565263
-360,-1.242606815
-359,-0.103201391
-358,1.131086915
-357,1.325459128
-356,0.301210331
-355,-0.999969855
-354,-1.381782369
-353,-0.493190545
-352,0.848838391
-351,1.410449225
-350,0.675299546
-349,-0.680717422
-348,-1.410885931
-347,-0.843892422
-346,0.498971888
-345,1.383083745
-344,0.995594786
-343,-0.307239429
-342,-1.327599129
-341,-1.127370313
-340,0.10935757
-339,1.245542607
-338,1.236581515
-337,0.090713081
-336,-1.138556541
-335,-1.321042531
-334,-0.28896811
-333,1.008782259
-332,1.379062871
-331,0.481439439
-330,-0.858817193
-329,-1.409481258
-328,-0.664274755
-327,0.691662894
-326,1.411688868
-325,0.833814607
-324,-0.510664958
-323,-1.385641516
-322,-0.986665654
-321,0.31944606
-320,1.33186054
-319,1.119768582
-318,-0.121833447
-317,-1.251422366
-316,-1.230459333
-315,-0.078217664
-314,1.145936965
-313,1.316522433
-312,0.276703248
-311,-1.017515627
-310,-1.376235327
-309,-0.469650614
-308,0.868728708
-307,1.408402862
-306,0.65319792
-305,-0.702554177
-304,-1.412381204
-303,-0.823671465
-302,0.52231802
-301,1.388090726
-300,0.977659221
-299,-0.331627664
-298,-1.336017604
-297,-1.11207912
-296,0.134299778
-295,1.257204079
-294,1.224240748
-293,0.065716119
-292,-1.153227607
-291,-1.311899189
-290,-0.264416707
-289,1.026169276
-288,1.373299959
-287,0.457824993
-286,-0.87857216
-285,-1.407214121
-284,-0.642069909
-283,0.713390417
-282,1.412962883
-281,0.813463791
-280,-0.533930159
-279,-1.390431183
-278,-0.96857619
-277,0.343783286
-276,1.340069994
-275,1.10430253
-274,-0.146755587
-273,-1.262887294
-272,-1.217926247
-271,-0.053209425
-270,1.160427897
-269,1.307173162
-268,0.25210945
-267,-1.034742528
-266,-1.370256997
-265,-0.445963503
-264,0.888346779
-263,1.40591513
-262,0.630891593
-261,-0.724170764
-260,-1.413433861
-259,-0.803192384
-258,0.545500466
-257,1.392662704
-256,0.959417274
-255,-0.355911973
-254,-1.344017393
-253,-1.096439421
-252,0.159199899
-251,1.268471566
-250,1.211516325
-249,0.040698562
-248,-1.167537271
-247,-1.302344721
-246,-0.239782441
-245,1.04323471
-244,1.36710668
-243,0.434067073
-242,-0.898051799
-241,-1.404505988
-240,-0.619663849
-239,0.734894375
-238,1.4137941
-237,0.79285805
-236,-0.557028035
-235,-1.394785113
-234,-0.950183191
-233,0.368012775
-232,1.347859493
-231,1.088490409
-230,-0.171631738
-229,-1.273956456
-228,-1.205011484
-227,-0.028184511
-226,1.174555171
-225,1.297414246
-224,0.227436646
-223,-1.051645157
-222,-1.363849253
-221,-0.422136635
-220,0.907686458
-219,1.402986808
-218,0.608387556
-217,-0.745560409
-216,-1.414043572
-215,-0.782461597
-214,0.568511962
-213,1.396798245
-212,0.940874663
-211,-0.380084745
-210,-1.351595992
-209,-1.080456116
-208,0.184050129
-207,1.279341535
-206,1.198412233
-205,0.015668251
-204,-1.181481049
-203,-1.292382121
-202,-0.215073031
-201,1.059973212
-200,1.360484972
-199,0.410173124
-198,-0.917250003
-197,-1.401357707
-196,-0.597063598
-195,0.75616803
-194,1.414182258
-193,0.77200384
-192,-0.579951348
-191,-1.398701942
-190,-0.93149242
-189,0.392126936
-188,1.355226596
-187,1.072337173
-186,-0.196454101
-185,-1.284626381
-184,-1.191719091
-183,-0.003150764
-182,1.188314361
-181,1.287248742
-180,0.202692567
-179,-1.06821822
-178,-1.357014101
-177,-0.398177476
-176,0.926741684
-175,1.399618814
-174,0.585692861
-173,-0.766716407
-172,-1.414210147
-171,-0.761485599
-170,0.591345297
-169,1.400496054
-168,0.922037198
-167,-0.404138406
-166,-1.358751023
-165,-1.064134216
-164,0.208842682
-163,1.289810581
-162,1.18493258
-161,-0.00936697
-160,-1.195054571
-159,-1.282014511
-158,-0.190296222
-157,1.076379536
-156,1.353436912
-155,0.386150633
-154,-0.936160758
-153,-1.397770265
-152,-0.574276237
-151,0.777204715
-150,1.414127236
-149,0.750907698
-148,-0.602692915
-147,-1.402180441
-146,-0.912509736
-145,0.416118212
-144,1.362168995
-143,1.055847886
-142,-0.2212149
-141,-1.294893727
-140,-1.178053233
-139,0.02188397
-138,1.201701153
-137,1.276679837
-136,0.177884967
-135,-1.084456521
-134,-1.349753685
-133,-0.374093536
-132,0.945506485
-131,1.395812204
-130,0.56281462
-129,-0.787632131
-128,-1.413933532
-127,-0.740270965
-126,0.613993313
-125,1.403754971
-124,0.902910782
-123,-0.428065416
-122,-1.365480245
-121,-1.047478834
-120,0.233569786
-119,1.299875422
-118,1.17108159
-117,-0.034399256
-116,-1.208253584
-115,-1.271245139
-114,-0.165459776
-113,1.092448542
-112,1.345964709
-111,0.362007129
-110,-0.954778135
-109,-1.393744786
-108,-0.551308908
-107,0.797997837
-106,1.413629051
-105,0.729576234
-104,-0.625245608
-103,-1.405219521
-102,-0.893241088
-101,0.439979083
-100,1.368684513
-99,1.039027715
-98,-0.245906373
-97,-1.304755276
-96,-1.164018195
-95,0.046911846
-94,1.214711352
-93,1.265710843
-92,0.153021622
-91,-1.100354973
-90,-1.34207028
-89,-0.349892361
-88,0.963974981
-87,1.391568171
-86,0.539760002
-85,-0.808301023
-84,-1.413213816
-83,-0.718824343
-82,0.636448915
-81,1.406573976
-80,0.88350141
-79,-0.451858278
-78,-1.371781549
-77,-1.03049519
-76,0.258223694
-75,1.309532905
-74,1.156863602
-73,-0.059420761
-72,-1.221073951
-71,-1.260077381
-70,-0.140571478
-69,1.108175194
-68,1.338070703
-67,0.337750179
-66,-0.973096302
-65,-1.389282531
-64,-0.528168808
-63,0.818540881
-62,1.412687859
-61,0.708016134
-60,-0.647602359
-59,-1.40781823
-58,-0.873692513
-57,0.463702072
-56,1.37477111
-55,1.02188193
-54,-0.270520784
-53,-1.314207936
-52,-1.149618373
-51,0.071925021
-50,1.227340882
-49,1.254345197
-48,0.128110322
-47,-1.115908592
-46,-1.333966293
-45,-0.325581536
-44,0.982141384
-43,1.386888044
-42,0.516536233
-41,-0.828716609
-40,-1.412051222
-39,-0.697152454
-38,0.658705065
-37,1.408952185
-36,0.863815164
-35,-0.475509536
-34,-1.377652961
-33,-1.013188607
-32,0.282796679
-31,1.318780003
-30,1.142283074
-29,-0.084423645
-28,-1.233511655
-27,-1.248514737
-26,-0.115639128
-25,1.123554562
-24,1.329757369
-23,0.313387384
-22,-0.991109517
-21,-1.384384899
-20,-0.504863189
-19,0.838827409
-18,1.411303955
-17,0.686234154
-16,-0.669756164
-15,-1.409975753
-14,-0.853870137
-13,0.487279745
-12,1.380426877
-11,1.004415905
-10,-0.295050418
-9,-1.323248747
-8,-1.13485828
-7,0.096915656
-6,1.239585785
-5,1.24258646
-4,0.103158874
-3,-1.131112505
-2,-1.325444263
-1,-0.301168679
0,1
1,1.381773291
2,0.49315059
3,-0.848872489
4,-1.410446116
5,-0.675262089
6,0.680754788
7,1.410888853
8,0.843858213
9,-0.499011777
10,-1.38309264
11,-0.995564509
12,0.307281041
13,1.327613818
14,1.127344574
15,-0.109400073
16,-1.245562797
17,-1.23656083
18,-0.090670539
19,1.138581828
20,1.321027313
21,0.288926378
22,-1.008812136
23,-1.379053425
24,-0.481399355
25,0.858851062
26,1.409477773
27,0.66423712
28,-0.691700078
29,-1.411691414
30,-0.833780174
31,0.510704712
32,1.385650042
33,0.986635113
34,-0.319487589
35,-1.331874875
36,-1.119742543
37,0.121875919
38,1.251442223
39,1.230438319
40,0.078175099
41,-1.145961946
42,-1.316506863
43,-0.276661441
44,1.017545234
45,1.376225513
46,0.469610403
47,-0.868762346
48,-1.408399001
49,-0.653160109
50,0.702591175
51,1.412383373
52,0.823636811
53,-0.522357636
54,-1.388098882
55,-0.977628417
56,0.331669106
57,1.336031582
58,1.112052784
59,-0.134342216
60,-1.257223602
61,-1.224219406
62,-0.065673534
63,1.153252282
64,1.311883269
65,0.264374828
66,-1.02619861
67,-1.373289779
68,-0.457784658
69,0.878605566
70,1.407209885
71,0.642031925
72,-0.713427226
73,-1.412964675
74,-0.813428919
75,0.533969634
76,1.390438968
77,0.968545127
78,-0.343824637
79,-1.340083615
80,-1.104275898
81,0.146797988
82,1.26290648
83,1.217904579
84,0.053166824
85,-1.160452263
86,-1.307156892
87,-0.252067502
88,1.034771586
89,1.370246451
90,0.445923047
91,-0.888379949
92,-1.405910518
93,-0.63085344
94,0.724207381
95,1.413435276
96,0.803157296
97,-0.545539798
98,-1.392670117
99,-0.959385954
100,0.355953231
101,1.344030657
102,1.096412495
103,-0.159242258
104,-1.268490414
105,-1.211494333
106,-0.040655949
107,1.167561327
108,1.302328103
109,0.239740428
110,-1.043263491
111,-1.367095768
112,-0.4340265
113,0.89808473
114,1.404501001
115,0.619625529
116,-0.734930797
117,-1.413795138
118,-0.792822749
119,0.557067219
120,1.394792155
121,0.950151616
122,-0.368053937
123,-1.347872397
124,-1.088463191
125,0.171674053
126,1.273974965
127,1.204989169
128,0.028141889
129,-1.174578915
130,-1.297397281
131,-0.22739457
132,1.05167366
133,1.363837977
134,0.422095948
135,-0.907719149
136,-1.402981446
137,-0.608349072
138,0.745596634
139,1.414044233
140,0.782426085
141,-0.568550996
142,-1.396804914
143,-0.940842836
144,0.380125807
145,1.351608536
146,1.08042861
147,-0.184092397
148,-1.279359703
149,-1.198389598
150,-0.015625623
151,1.181504478
152,1.292364811
153,0.215030897
154,-1.060001432
155,-1.360473333
156,-0.410132325
157,0.91728245
158,1.401351972
159,0.597024953
160,-0.756204054
161,-1.414182541
162,-0.771968121
163,0.579990229
164,1.398708238
165,0.931460343
166,-0.392167895
167,-1.355238779
168,-1.07230938
169,0.196496318
170,1.284644208
171,1.191696137
172,0.003108133
173,-1.188337473
174,-1.287231087
175,-0.202650376
176,1.068246156
177,1.357002099
178,0.39813657
179,-0.926773885
180,-1.399612705
181,-0.585654058
182,0.766752229
183,1.414210053
184,0.761449676
185,-0.591384021
186,-1.400501976
187,-0.922004873
188,0.404179258
189,1.358762844
190,1.064106137
191,-0.208884845
192,-1.289828064
193,-1.184909309
194,0.0094096
195,1.195077366
196,1.281996513
197,0.190253979
198,-1.076407187
199,-1.353424549
200,-0.386109622
201,0.93619271
202,1.397763782
203,0.574237279
204,-0.77724033
205,-1.414126764
206,-0.750871573
207,0.60273148
208,1.40218599
209,0.912477167
210,-0.416158955
211,-1.362180453
212,-1.055819525
213,0.221257005
214,1.294910865
215,1.178029647
216,-0.021926596
217,-1.201723628
218,-1.276661498
219,-0.177842675
220,1.084483883
221,1.349740961
222,0.374052424
223,-0.945538187
224,-1.395805349
225,-0.56277551
226,0.787667537
227,1.413932683
228,0.740234641
229,-0.614031716
230,-1.403760146
231,-0.902877971
232,0.428106047
233,1.365491339
234,1.047450192
235,-0.233611831
236,-1.299892214
237,-1.17105769
238,0.034441874
239,1.208275737
240,1.27122646
241,0.165417438
242,-1.092475614
243,-1.345951625
244,-0.361965919
245,0.954809583
246,1.393737558
247,0.55126965
248,-0.798033032
249,-1.413627825
250,-0.729539714
251,0.625283845
252,1.405224321
253,0.893208037
254,-0.440019597
255,-1.368695243
256,-1.038998794
257,0.245948354
258,1.30477172
259,1.163993984
260,-0.046954453
261,-1.214733182
262,-1.265691826
263,-0.152979241
264,1.100381752
265,1.342056837
266,0.349851056
267,-0.964006173
268,-1.391560572
269,-0.539720598
270,0.808336004
271,1.413212212
272,0.71878763
273,-0.636486985
274,-1.406578401
275,-0.883468122
276,0.451898674
277,1.371791913
278,1.030465994
279,-0.258265608
280,-1.309549001
281,-1.156839081
282,0.059463354
283,1.221095456
284,1.260058027
285,0.140529059
286,-1.108201678
287,-1.338056903
288,-0.337708782
289,0.973127236
290,1.389274561
291,0.528129262
292,-0.818575645
293,-1.412685879
294,-0.70797923
295,0.647640257
296,1.407822279
297,0.87365899
298,-0.463742345
299,-1.374781107
300,-1.021852459
301,0.270562627
302,1.314223682
303,1.149593544
304,-0.071967596
305,-1.227362061
306,-1.254325507
307,-0.128067867
308,1.11593478
309,1.333952136
310,0.32554005
311,-0.982172056
312,-1.386879704
313,-0.516496547
314,0.828751153
315,1.412048865
316,0.697115363
317,-0.658742789
318,-1.408955859
319,-0.86378141
320,0.475549684
321,1.377662591
322,1.013158865
323,-0.282838449
324,-1.318795397
325,-1.14225794
326,0.0844662
327,1.233532505
328,1.248494714
329,0.11559664
330,-1.123580451
331,-1.329742857
332,-0.313345813
333,0.991139927
334,1.384376189
335,0.504823367
336,-0.83886173
337,-1.411301221
338,-0.686196878
339,0.66979371
340,1.40997905
341,0.853836154
342,-0.487319764
343,-1.380436139
344,-1.004385893
345,0.29509211
346,1.323263789
347,1.134832842
348,-0.096958186
349,-1.239606305
350,-1.242566104
351,-0.103116357
352,1.131138093
353,1.325429397
354,0.301127026
355,-1.000030144
356,-1.381764212
357,-0.493110635
358,0.848906585
359,1.410443006
360,0.675224632
361,-0.680792155
362,-1.410891774
363,-0.843824003
364,0.499051665
365,1.383101533
366,0.995534231
367,-0.307322653
368,-1.327628506
369,-1.127318834
370,0.109442575
371,1.245582986
372,1.236540143
373,0.090627996
374,-1.138607113
375,-1.321012093
376,-0.288884647
377,1.008842012
378,1.379043977
379,0.48135927
380,-0.85888493
381,-1.409474286
382,-0.664199484
383,0.691737261
384,1.411693958
385,0.83374574
386,-0.510744466
387,-1.385658566
388,-0.986604571
389,0.319529117
390,1.331889208
391,1.119716503
392,-0.12191839
393,-1.251462078
394,-1.230417303
395,-0.078132533
396,1.145986927
397,1.316491292
398,0.276619634
399,-1.017574839
400,-1.376215698
401,-0.469570191
402,0.868795984
403,1.408395138
404,0.653122297
405,-0.702628172
406,-1.41238554
407,-0.823602156
408,0.522397252
409,1.388107036
410,0.977597613
411,-0.331710547
412,-1.33604556
413,-1.112026446
414,0.134384654
415,1.257243123
416,1.224198063
417,0.06563095
418,-1.153276956
419,-1.311867347
420,-0.264332949
421,1.026227943
422,1.373279597
423,0.457744323
424,-0.878638971
425,-1.407205647
426,-0.641993941
427,0.713464034
428,1.412966466
429,0.813394045
430,-0.534009109
431,-1.390446751
432,-0.968514063
433,0.343865989
434,1.340097236
435,1.104249265
436,-0.146840388
437,-1.262925665
438,-1.21788291
439,-0.053124224
440,1.160476629
441,1.307140621
442,0.252025554
443,-1.034800644
444,-1.370235903
445,-0.445882591
446,0.888413118
447,1.405905904
448,0.630815285
449,-0.724243998
450,-1.413436689
451,-0.803122207
452,0.545579128
453,1.392677529
454,0.959354633
455,-0.355994489
456,-1.344043919
457,-1.096385568
458,0.159284618
459,1.268509261
460,1.21147234
461,0.040613336
462,-1.167585381
463,-1.302311484
464,-0.239698414
465,1.043292272
466,1.367084855
467,0.433985926
468,-0.898117661
469,-1.404496013
470,-0.619587208
471,0.734967219
472,1.413796174
473,0.792787447
474,-0.557106403
475,-1.394799195
476,-0.95012004
477,0.368095099
478,1.347885301
479,1.088435973
480,-0.171716368
481,-1.273993473
482,-1.204966854
483,-0.028099266
484,1.174602657
485,1.297380314
486,0.227352494
487,-1.051702161
488,-1.363826699
489,-0.42205526
490,0.907751839
491,1.402976083
492,0.608310587
493,-0.745632858
494,-1.414044892
495,-0.782390573
496,0.56859003
497,1.396811582
498,0.940811007
499,-0.380166869
500,-1.351621079
501,-1.080401102
502,0.184134665
503,1.279377871
504,1.198366962
505,0.015582995
506,-1.181527906
507,-1.292347499
508,-0.214988762
509,1.060029652
510,1.360461692
511,0.410091527
512,-0.917314897
513,-1.401346235
514,-0.596986307
515,0.756240078
516,1.414182823
517,0.771932402
518,-0.580029109
519,-1.398714533
520,-0.931428265
521,0.392208854
522,1.355250961
523,1.072281585
524,-0.196538535
525,-1.284662033
526,-1.191673182
527,-0.003065503
528,1.188360585
529,1.287213432
530,0.202608185
531,-1.068274092
532,-1.356990096
533,-0.398095664
534,0.926806086
535,1.399606594
536,0.585615254
537,-0.766788049
538,-1.414209957
539,-0.761413752
540,0.591422745
541,1.400507898
542,0.921972548
543,-0.40422011
544,-1.358774664
545,-1.064078057
546,0.208927008
547,1.289845545
548,1.184886037
549,-0.009452229
550,-1.19510016
551,-1.281978515
552,-0.190211735
553,1.076434836
554,1.353412184
555,0.386068611
556,-0.936224662
557,-1.397757298
558,-0.574198321
559,0.777275945
560,1.414126291
561,0.750835447
562,-0.602770045
563,-1.402191537
564,-0.912444597
565,0.416199698
566,1.36219191
567,1.055791162
568,-0.221299111
569,-1.294928002
570,-1.17800606
571,0.021969221
572,1.201746101
573,1.276643158
574,0.177800383
575,-1.084511244
576,-1.349728235
577,-0.374011311
578,0.945569888
579,1.395798492
580,0.5627364
581,-0.787702943
582,-1.413931833
583,-0.740198317
584,0.614070119
585,1.403765319
586,0.902845159
587,-0.428146677
588,-1.365502432
589,-1.047421549
590,0.233653876
591,1.299909005
592,1.171033789
593,-0.034484492
594,-1.20829789
595,-1.271207781
596,-0.1653751
597,1.092502684
598,1.345938539
599,0.361924708
600,-0.954841031
601,-1.393730329
602,-0.551230391
603,0.798068227
604,1.413626597
605,0.729503194
606,-0.625322082
607,-1.405229119
608,-0.893174985
609,0.440060112
610,1.368705971
611,1.038969873
612,-0.245990335
613,-1.304788163
614,-1.163969771
615,0.04699706
616,1.214755011
617,1.265672807
618,0.152936861
619,-1.10040853
620,-1.342043393
621,-0.34980975
622,0.964037364
623,1.391552972
624,0.539681194
625,-0.808370984
626,-1.413210608
627,-0.718750916
628,0.636525053
629,1.406582824
630,0.883434833
631,-0.451939069
632,-1.371802275
633,-1.030436796
634,0.258307522
635,1.309565095
636,1.15681456
637,-0.059505947
638,-1.22111696
639,-1.260038672
640,-0.140486639
641,1.108228161
642,1.338043102
643,0.337667385
644,-0.973158168
645,-1.389266589
646,-0.528089715
647,0.818610408
648,1.412683897
649,0.707942326
650,-0.647678155
651,-1.407826327
652,-0.873625467
653,0.463782618
654,1.374791103
655,1.021822988
656,-0.27060447
657,-1.314239426
658,-1.149568715
659,0.072010172
660,1.227383238
661,1.254305816
662,0.128025411
663,-1.115960966
664,-1.333937978
665,-0.325498564
666,0.982202728
667,1.386871362
668,0.516456861
669,-0.828785696
670,-1.412046506
671,-0.697078271
672,0.658780512
673,1.40895953
674,0.863747654
675,-0.475589832
676,-1.37767222
677,-1.013129123
678,0.282880218
679,1.31881079
680,1.142232804
681,-0.084508754
682,-1.233553354
683,-1.248474689
684,-0.115554152
685,1.123606339
686,1.329728344
687,0.313304242
688,-0.991170335
689,-1.384367477
690,-0.504783545
691,0.838896051
692,1.411298486
693,0.686159602
694,-0.669831256
695,-1.409982346
696,-0.85380217
697,0.487359784
698,1.3804454
699,1.004355881
700,-0.295133803
701,-1.323278829
702,-1.134807403
703,0.097000716
704,1.239626824
705,1.242545747
706,0.10307384
707,-1.13116368
708,-1.32541453
709,-0.301085373
710,1.000060287
711,1.381755131
712,0.49307068
713,-0.84894068
714,-1.410439894
715,-0.675187174
716,0.68082952
717,1.410894693
718,0.843789792
719,-0.499091553
720,-1.383110426
721,-0.995503952
722,0.307364264
723,1.327643193
724,1.127293093
725,-0.109485078
726,-1.245603173
727,-1.236519456
728,-0.090585453
729,1.138632398
730,1.320996873
731,0.288842915
732,-1.008871887
733,-1.379034528
734,-0.481319184
735,0.858918798
736,1.409470799
737,0.664161847
738,-0.691774444
739,-1.411696501
740,-0.833711306
741,0.510784219
742,1.385667089
743,0.986574027
744,-0.319570645
745,-1.33190354
746,-1.119690463
747,0.121960862
748,1.251481933
749,1.230396286
750,0.078089968
751,-1.146011906
752,-1.316475719
753,-0.276577827
754,1.017604444
755,1.376205882
756,0.469529979
757,-0.868829622
758,-1.408391275
759,-0.653084485
760,0.702665168
761,1.412387706
762,0.823567501
763,-0.522436867
764,-1.388115189
765,-0.977566807
766,0.331751988
767,1.336059536
768,1.112000108
769,-0.134427091
770,-1.257262642
771,-1.224176718
772,-0.065588365
773,1.153301629
774,1.311851424
775,0.26429107
776,-1.026257275
777,-1.373269414
778,-0.457703987
779,0.878672375
780,1.407201407
781,0.641955955
782,-0.713500841
783,-1.412968255
784,-0.813359171
785,0.534048583
786,1.390454533
787,0.968482998
788,-0.34390734
789,-1.340110855
790,-1.104222631
791,0.146882788
792,1.262944849
793,1.21786124
794,0.053081624
795,-1.160500993
796,-1.307124348
797,-0.251983606
798,1.034829701
799,1.370225354
800,0.445842135
801,-0.888446287
802,-1.405901289
803,-0.630777131
804,0.724280613
805,1.413438101
806,0.803087118
807,-0.545618459
808,-1.39268494
809,-0.95932331
810,0.356035747
811,1.34405718
812,1.096358641
813,-0.159326977
814,-1.268528107
815,-1.211450345
816,-0.040570723
817,1.167609435
818,1.302294863
819,0.2396564
820,-1.043321052
821,-1.36707394
822,-0.433945353
823,0.898150591
824,1.404491023
825,0.619548886
826,-0.73500364
827,-1.413797209
828,-0.792752144
829,0.557145586
830,1.394806234
831,0.950088463
832,-0.36813626
833,-1.347898202
834,-1.088408754
835,0.171758683
836,1.274011979
837,1.204944537
838,0.028056644
839,-1.174626398
840,-1.297363347
841,-0.227310418
842,1.051730661
843,1.363815421
844,0.422014572
845,-0.907784528
846,-1.402970719
847,-0.608272101
848,0.745669081
849,1.414045549
850,0.782355061
851,-0.568629063
852,-1.396818248
853,-0.940779178
854,0.38020793
855,1.351633621
856,1.080373594
857,-0.184176933
858,-1.279396037
859,-1.198344325
860,-0.015540367
861,1.181551332
862,1.292330186
863,0.214946626
864,-1.06005787
865,-1.36045005
866,-0.410050728
867,0.917347342
868,1.401340496
869,0.596947661
870,-0.756276101
871,-1.414183103
872,-0.771896682
873,0.580067989
874,1.398720826
875,0.931396186
876,-0.392249812
877,-1.355263142
878,-1.072253789
879,0.196580752
880,1.284679857
881,1.191650226
882,0.003022873
883,-1.188383695
884,-1.287195774
885,-0.202565995
886,1.068302027
887,1.356978091
888,0.398054757
889,-0.926838285
890,-1.399600482
891,-0.58557645
892,0.766823869
893,1.41420986
894,0.761377827
895,-0.591461469
896,-1.400513818
897,-0.921940222
898,0.404260962
899,1.358786482
900,1.064049977
901,-0.20896917
902,-1.289863026
903,-1.184862764
904,0.009494859
905,1.195122952
906,1.281960515
907,0.190169492
908,-1.076462484
909,-1.353399817
910,-0.3860276
911,0.936256613
912,1.397750813
913,0.574159362
914,-0.777311559
915,-1.414125817
916,-0.750799321
917,0.602808609
918,1.402197083
919,0.912412026
920,-0.41624044
921,-1.362203365
922,-1.055762799
923,0.221341216
924,1.294945138
925,1.177982471
926,-0.022011846
927,-1.201768574
928,-1.276624817
929,-0.177758091
930,1.084538605
931,1.349715508
932,0.373970198
933,-0.945601587
934,-1.395791635
935,-0.56269729
936,0.787738348
937,1.413930982
938,0.740161991
939,-0.61410852
940,-1.403770491
941,-0.902812346
942,0.428187306
943,1.365513524
944,1.047392905
945,-0.233695921
946,-1.299925794
947,-1.171009887
948,0.034527109
949,1.208320041
950,1.271189099
951,0.165332762
952,-1.092529754
953,-1.345925453
954,-0.361883497
955,0.954872477
956,1.393723099
957,0.551191132
958,-0.79810342
959,-1.413625369
960,-0.729466672
961,0.625360319
962,1.405233916
963,0.893141932
964,-0.440100626
965,-1.368716698
966,-1.03894095
967,0.246032316
968,1.304804605
969,1.163945558
970,-0.047039667
971,-1.214776839
972,-1.265653788
973,-0.15289448
974,1.100435307
975,1.342029948
976,0.349768444
977,-0.964068555
978,-1.39154537
979,-0.53964179
980,0.808405963
981,1.413209002
982,0.718714201
983,-0.636563121
984,-1.406587246
985,-0.883401543
986,0.451979464
987,1.371812637
988,1.030407598
989,-0.258349435
990,-1.309581188
991,-1.156790037
992,0.05954854
993,1.221138463
994,1.260019315
995,0.14044422
996,-1.108254644
997,-1.338029299
998,-0.337625987
999,0.9731891
