num1,num2,num3,num4,num5,func
67,91,83,34,78,-83.7590361445783
74,72,27,80,80,0.0
51,15,94,84,34,35.1063829787234
22,6,45,25,52,-16.8
6,40,98,24,54,-14.081632653061225
79,82,49,5,12,-23.0
5,90,41,24,28,-9.268292682926829
13,23,48,7,98,-68.25
75,62,8,27,89,-1061.75
95,47,76,4,75,-132.6578947368421
72,12,5,57,63,-100.80000000000001
81,16,59,3,40,-60.83050847457628
38,44,94,43,34,7.851063829787234
15,47,68,15,69,-49.23529411764706
7,41,62,48,50,-1.5483870967741935
46,28,41,54,54,0.0
15,30,76,22,54,-18.94736842105263
12,9,9,61,2,137.66666666666669
64,9,60,59,40,23.116666666666664
2,98,49,86,77,18.367346938775512
79,73,6,42,15,684.0
84,82,24,54,96,-290.5
44,42,100,17,22,-4.3
1,4,12,64,50,5.833333333333334
66,44,19,69,77,-46.31578947368421
92,17,32,36,14,74.9375
2,29,78,44,69,-9.935897435897436
67,72,24,27,52,-144.79166666666669
78,93,38,48,96,-216.0
40,75,49,62,26,84.48979591836735
44,52,82,51,36,17.560975609756095
9,34,48,5,91,-77.04166666666667
72,59,49,33,16,45.44897959183674
9,81,76,89,9,94.73684210526315
100,63,24,59,25,230.91666666666669
96,90,16,46,21,290.625
91,14,39,7,29,-59.23076923076923
91,3,50,64,70,-11.28
88,11,1,46,71,-2475.0
62,7,100,1,93,-63.48
99,52,74,85,68,34.689189189189186
75,65,62,66,69,-6.774193548387098
90,75,34,13,23,-48.52941176470588
27,22,94,65,97,-16.680851063829788
87,100,71,8,100,-242.30985915492957
80,34,76,35,21,21.0
14,20,11,36,51,-46.36363636363636
12,82,21,64,16,214.85714285714286
99,44,90,84,29,87.38888888888889
76,51,26,91,30,297.9615384615385
32,17,94,97,31,34.40425531914894
71,31,99,89,23,68.0
97,89,43,16,64,-207.62790697674416
92,95,86,38,72,-73.93023255813954
36,12,36,59,64,-6.666666666666666
26,4,18,43,59,-26.666666666666668
15,51,44,59,73,-21.0
42,12,89,56,68,-7.280898876404494
31,68,98,19,21,-2.020408163265306
53,59,51,56,74,-39.529411764705884
32,78,74,52,93,-60.945945945945944
88,52,54,90,99,-23.333333333333332
59,24,35,78,3,177.85714285714286
56,29,56,20,98,-118.39285714285714
94,12,12,69,88,-167.83333333333334
88,32,89,68,56,16.179775280898877
35,91,55,78,41,84.76363636363637
100,45,81,23,94,-127.09876543209876
36,43,32,66,10,138.25
23,43,38,96,32,111.15789473684211
91,83,55,68,41,85.41818181818182
3,40,67,76,55,13.477611940298507
68,98,40,69,47,91.30000000000001
84,25,86,60,46,17.74418604651163
98,53,48,52,96,-138.41666666666669
47,26,96,56,18,28.895833333333332
57,27,89,70,50,18.876404494382022
10,36,99,28,74,-21.373737373737374
13,88,66,16,100,-128.54545454545453
75,1,75,57,2,55.73333333333334
56,8,98,43,22,13.714285714285714
47,33,37,48,44,8.64864864864865
21,25,46,15,86,-71.0
70,77,7,92,20,1512.0
37,29,88,61,39,16.5
84,30,52,23,92,-151.26923076923077
40,37,63,38,63,-30.555555555555557
80,46,4,6,54,-1512.0
31,92,4,51,67,-492.0
90,56,25,3,49,-268.64
55,36,83,6,1,5.481927710843374
97,79,73,72,56,38.57534246575342
42,80,21,10,89,-458.95238095238096
5,24,90,81,30,16.433333333333334
94,13,34,67,32,110.1470588235294
73,33,41,89,34,142.1951219512195
14,85,63,65,41,37.714285714285715
2,51,12,1,52,-225.25000000000003
48,64,2,44,56,-672.0
74,43,96,50,93,-52.40625
90,56,18,8,35,-219.0
45,26,98,92,64,20.285714285714285
16,19,41,70,16,46.09756097560975
100,83,24,95,49,350.75
14,32,64,87,49,27.3125
84,60,81,74,29,80.0
26,25,87,38,87,-28.72413793103448
100,93,5,88,57,1196.6000000000001
97,91,24,47,57,-78.33333333333333
70,77,6,78,2,1862.0
39,84,72,99,87,20.5
54,57,2,71,83,-666.0
93,66,84,75,61,26.5
50,31,1,88,89,-81.0
7,40,18,4,63,-154.05555555555557
64,22,99,74,25,42.56565656565657
8,45,32,26,86,-99.375
20,67,38,65,55,22.89473684210526
81,62,46,3,61,-180.30434782608697
15,98,55,86,17,141.76363636363638
19,24,20,20,24,-8.6
61,75,44,81,30,157.63636363636363
1,71,32,6,69,-141.75
64,24,21,55,74,-79.61904761904762
43,16,66,51,66,-13.409090909090908
53,52,69,8,11,-4.565217391304348
71,45,89,72,55,22.15730337078652
1,100,11,10,9,9.181818181818182
11,12,16,75,31,63.25
29,28,24,31,50,-45.125
40,60,78,19,96,-98.71794871794873
59,96,39,80,38,166.92307692307693
7,8,77,68,31,7.207792207792208
2,100,27,71,8,238.0
25,67,94,20,32,-11.74468085106383
6,49,36,58,79,-32.08333333333333
48,96,16,7,72,-585.0
79,93,10,62,92,-516.0
5,5,77,10,5,0.6493506493506493
31,100,6,67,41,567.6666666666666
28,65,44,61,6,116.25
32,94,66,43,11,61.09090909090909
41,55,55,44,90,-80.29090909090908
41,65,99,23,47,-25.696969696969695
90,83,91,63,1,117.86813186813187
91,13,82,29,91,-78.63414634146342
6,31,42,78,39,34.357142857142854
54,49,12,64,57,60.083333333333336
36,98,94,71,50,29.936170212765955
66,79,96,99,49,75.52083333333334
13,27,52,40,100,-46.15384615384615
47,41,98,96,73,20.653061224489797
13,9,54,3,27,-9.777777777777777
37,60,65,90,54,53.723076923076924
39,16,7,78,69,70.71428571428571
25,35,38,9,50,-64.73684210526316
22,19,61,1,98,-65.1967213114754
69,90,15,26,11,159.0
35,10,65,50,6,30.46153846153846
20,73,14,30,53,-152.7857142857143
94,24,93,93,71,27.913978494623656
45,91,90,51,86,-52.888888888888886
87,89,82,98,69,62.243902439024396
28,53,64,34,41,-8.859375
91,48,32,86,87,-4.34375
34,43,48,88,21,107.47916666666667
33,89,39,14,99,-265.8974358974359
27,24,42,33,55,-26.71428571428571
58,67,26,46,49,-14.423076923076923
80,18,25,77,18,231.28
64,98,98,25,78,-87.61224489795919
36,87,74,78,35,71.47297297297297
34,43,30,33,11,56.46666666666667
86,50,33,54,48,24.727272727272727
19,83,96,32,3,30.8125
70,3,43,1,22,-35.651162790697676
2,14,42,87,53,12.952380952380953
82,45,86,67,33,50.20930232558139
40,71,8,36,17,263.625
61,12,69,36,29,7.405797101449275
61,50,58,80,23,109.08620689655172
100,11,32,28,76,-166.5
87,8,10,54,39,142.5
89,34,45,8,24,-43.733333333333334
90,9,99,13,76,-63.0
58,4,1,70,94,-1488.0
70,68,44,50,10,125.45454545454545
6,2,42,6,27,-4.0
51,74,3,88,38,2083.333333333333
74,76,45,26,76,-166.66666666666669
17,86,65,49,25,38.03076923076923
31,96,76,66,45,35.0921052631579
38,1,57,59,81,-15.052631578947368
85,32,8,58,42,234.0
18,95,68,76,71,8.308823529411764
14,18,94,88,5,28.25531914893617
89,33,99,1,98,-119.53535353535354
52,46,60,76,66,16.333333333333332
70,13,61,95,41,73.47540983606557
15,81,45,25,81,-119.46666666666667
75,34,100,68,54,15.260000000000002
76,57,50,1,29,-74.48
76,24,59,40,48,-13.559322033898304
8,62,21,84,27,190.0
34,87,52,90,57,76.78846153846155
51,46,73,39,69,-39.863013698630134
15,35,23,70,73,-6.521739130434782
71,82,77,51,41,19.870129870129873
5,71,2,63,25,1444.0
96,65,68,25,56,-73.3970588235294
89,25,41,33,2,86.1951219512195
82,62,4,47,87,-1440.0
64,60,92,68,29,52.565217391304344
80,17,13,58,48,74.61538461538461
42,78,43,21,63,-117.2093023255814
14,65,56,55,73,-25.392857142857146
44,47,69,27,13,18.46376811594203
48,85,74,42,23,34.14864864864865
88,61,74,100,25,151.01351351351352
7,20,56,60,25,16.875
9,20,90,68,14,17.400000000000002
65,41,81,99,90,11.777777777777779
56,53,83,92,52,52.53012048192771
29,62,100,2,99,-88.27
37,19,70,30,41,-8.8
71,78,2,1,53,-3874.0
54,8,68,38,74,-32.8235294117647
22,49,31,85,98,-29.7741935483871
60,79,33,63,81,-75.81818181818181
49,14,30,64,12,109.2
5,39,71,29,93,-39.66197183098591
31,50,3,36,73,-999.0
26,55,49,29,1,46.285714285714285
9,28,89,40,9,12.887640449438203
49,41,17,19,2,90.0
52,69,92,83,82,1.315217391304348
57,70,62,37,53,-32.774193548387096
64,40,12,89,68,182.0
91,5,18,6,16,-53.33333333333333
70,61,62,22,56,-71.83870967741935
15,91,40,95,41,143.1
81,55,67,84,64,40.59701492537314
93,1,26,25,12,47.0
86,23,36,32,58,-78.72222222222221
14,71,13,39,27,78.46153846153845
20,92,65,45,22,39.63076923076923
1,11,81,92,46,6.814814814814815
96,61,46,94,84,34.130434782608695
94,45,65,92,90,4.276923076923077
39,93,10,27,13,184.79999999999998
51,58,34,48,9,125.02941176470588
11,53,24,80,92,-32.0
4,7,76,34,62,-4.052631578947368
56,23,33,82,50,76.60606060606061
88,16,54,99,73,50.07407407407407
26,79,84,71,20,63.75
86,33,96,37,89,-64.45833333333333
23,43,6,47,27,220.0
29,60,18,1,61,-296.6666666666667
63,67,95,82,91,-12.31578947368421
32,43,62,83,97,-16.935483870967744
93,100,34,73,78,-28.38235294117647
92,7,62,86,66,31.93548387096774
80,78,88,31,73,-75.4090909090909
61,85,78,29,50,-39.30769230769231
34,22,35,98,61,59.2
42,8,6,88,85,25.0
92,49,62,82,9,166.01612903225808
67,33,24,73,5,283.33333333333337
82,93,57,61,98,-113.59649122807018
53,9,72,59,22,31.861111111111114
14,97,73,20,13,10.643835616438357
4,45,89,47,73,-14.314606741573034
37,23,7,72,72,0.0
60,20,74,95,10,91.8918918918919
69,6,8,75,84,-84.375
28,6,100,7,7,0.0
20,99,100,88,88,0.0
41,85,67,28,70,-78.98507462686568
60,55,30,25,3,84.33333333333334
43,12,24,37,42,-11.458333333333332
30,8,12,45,9,114.0
65,42,83,63,53,12.891566265060241
99,67,7,78,6,1707.4285714285716
29,33,35,1,66,-115.14285714285714
45,47,90,36,73,-37.82222222222222
10,80,93,71,92,-20.322580645161292
95,66,10,36,52,-257.6
63,28,71,82,20,79.46478873239437
12,10,77,91,30,17.428571428571427
55,74,5,3,96,-2399.4
78,3,9,34,87,-477.0
50,92,99,25,43,-25.818181818181817
87,83,22,1,16,-115.9090909090909
65,71,12,23,82,-668.6666666666667
66,86,45,16,37,-70.93333333333334
10,63,62,71,80,-10.596774193548388
80,49,38,25,47,-74.6842105263158
36,55,10,42,4,345.8
48,52,17,47,20,158.82352941176472
81,84,36,1,34,-151.25
84,82,59,11,9,5.627118644067797
31,94,3,88,23,2708.333333333333
11,84,73,58,79,-27.328767123287673
64,56,61,38,14,47.213114754098356
44,84,32,42,98,-224.0
4,95,34,87,6,235.85294117647058
58,52,12,42,23,174.16666666666666
65,95,23,55,97,-292.17391304347825
45,87,97,65,33,43.54639175257732
32,18,17,9,28,-55.88235294117648
16,93,21,70,86,-83.04761904761905
47,72,19,34,99,-407.10526315789474
36,2,16,20,78,-137.75
19,29,7,92,4,603.4285714285714
82,56,92,14,39,-37.5
12,33,29,99,87,18.620689655172413
92,81,42,69,68,4.119047619047619
74,65,69,20,89,-139.0
92,37,83,33,11,34.19277108433735
43,53,9,49,45,42.666666666666664
24,4,22,32,96,-81.45454545454545
26,54,94,37,51,-11.914893617021276
36,17,34,55,42,20.264705882352942
19,77,88,39,46,-7.636363636363636
93,31,18,11,41,-206.66666666666669
35,14,4,79,27,637.0
77,47,8,41,58,-263.5
47,13,80,15,52,-27.75
98,27,56,33,76,-95.98214285714286
99,58,85,11,81,-129.29411764705884
19,26,73,4,99,-58.561643835616444
72,72,88,95,81,22.90909090909091
60,22,1,38,5,2706.0
13,89,54,82,40,79.33333333333333
39,90,97,38,83,-59.845360824742265
76,14,68,59,9,66.17647058823529
43,18,41,100,2,145.8048780487805
59,23,16,4,54,-256.25
32,93,100,28,13,18.75
41,71,98,1,48,-53.71428571428571
30,37,44,8,29,-31.977272727272727
23,87,22,7,53,-230.0
14,12,17,5,12,-10.705882352941176
62,45,68,55,92,-58.220588235294116
43,53,33,76,33,125.0909090909091
89,88,25,63,83,-141.6
69,19,48,47,65,-33.0
12,32,76,33,99,-38.21052631578947
30,25,19,33,74,-118.6842105263158
35,11,74,43,36,4.351351351351351
71,20,61,15,39,-35.80327868852459
3,55,15,26,7,73.46666666666667
65,91,83,7,96,-167.27710843373495
20,89,44,85,9,188.27272727272725
17,67,50,46,67,-35.28
98,69,25,67,89,-146.95999999999998
55,28,41,14,77,-127.53658536585365
66,77,6,79,60,452.8333333333333
30,43,54,97,14,112.20370370370371
85,88,59,46,17,85.03389830508475
47,64,85,29,42,-16.976470588235294
98,66,34,51,41,48.23529411764706
17,6,8,54,1,152.375
22,88,68,45,60,-24.264705882352942
46,91,85,23,54,-49.964705882352945
42,96,11,90,27,790.3636363636364
2,3,11,91,58,15.0
97,19,46,39,77,-95.82608695652175
76,32,72,70,43,40.5
85,64,66,40,55,-33.86363636363637
20,34,33,49,34,24.545454545454547
76,16,41,49,49,0.0
70,51,43,94,100,-16.88372093023256
61,74,89,95,5,136.51685393258427
22,85,17,27,11,100.70588235294117
90,74,37,34,42,-35.45945945945946
96,4,90,94,16,86.66666666666667
95,17,59,82,88,-11.389830508474576
11,19,19,3,75,-113.6842105263158
25,11,56,74,82,-5.142857142857143
13,82,66,79,43,51.81818181818182
39,29,1,70,91,-1428.0
39,72,37,5,67,-186.0
43,85,82,2,72,-109.26829268292683
30,82,73,34,82,-73.64383561643835
35,98,90,100,3,143.34444444444446
42,39,33,48,37,27.0
48,89,92,66,89,-34.25
72,45,29,29,99,-282.41379310344826
92,52,97,76,10,97.97938144329898
43,8,21,78,72,14.57142857142857
92,84,53,96,13,275.62264150943395
62,77,77,88,26,111.92207792207793
75,24,41,64,12,125.5609756097561
45,25,99,27,76,-34.64646464646464
92,14,10,100,7,985.8
81,90,2,70,55,1282.5
77,94,94,87,94,-12.73404255319149
70,74,19,48,24,181.89473684210526
5,23,9,99,51,149.33333333333334
5,57,31,51,97,-92.0
22,93,43,11,39,-74.88372093023256
34,28,83,6,62,-41.831325301204814
12,34,70,96,74,14.457142857142857
100,18,70,22,48,-43.82857142857143
94,26,42,40,56,-45.714285714285715
64,37,70,57,8,70.7
46,99,20,38,24,101.5
85,85,18,5,15,-94.44444444444444
68,18,59,18,5,18.94915254237288
80,32,11,17,56,-397.09090909090907
16,70,25,73,12,209.84
16,85,100,48,33,15.15
25,50,60,94,66,35.0
7,71,26,96,7,267.0
59,5,20,19,70,-163.20000000000002
85,11,55,39,58,-33.163636363636364
65,53,23,49,17,164.17391304347825
35,34,14,30,78,-236.57142857142858
89,10,57,49,68,-33.0
63,37,91,56,92,-39.56043956043956
18,46,78,55,68,-10.666666666666666
57,97,14,95,82,143.0
27,98,74,60,87,-45.60810810810811
87,92,49,33,41,-29.224489795918366
98,82,24,61,54,52.5
21,70,60,67,88,-31.849999999999998
41,82,8,13,83,-1076.25
7,92,62,58,37,33.53225806451613
92,21,71,10,4,9.549295774647888
45,5,48,93,22,73.95833333333334
98,85,88,24,25,-2.0795454545454546
52,13,56,5,27,-25.53571428571429
65,69,9,6,96,-1340.0
22,29,19,27,19,21.473684210526315
31,89,70,51,52,-1.7142857142857142
37,2,92,80,17,26.706521739130434
86,11,5,42,67,-484.99999999999994
93,63,60,7,80,-189.8
16,56,2,85,36,1764.0
46,60,72,4,19,-22.083333333333336
23,2,77,31,4,8.766233766233766
68,80,53,51,9,117.28301886792453
75,37,25,41,83,-188.16000000000003
85,85,66,59,34,64.39393939393939
1,72,45,10,9,1.6222222222222222
80,69,37,20,10,40.270270270270274
26,68,17,71,76,-27.647058823529413
80,2,59,52,62,-13.898305084745763
10,98,32,66,1,219.375
21,93,79,21,28,-10.101265822784809
33,29,8,71,41,232.5
20,66,82,28,81,-55.58536585365854
85,22,38,27,80,-149.23684210526315
81,57,70,46,71,-49.28571428571429
13,92,12,67,9,507.5
44,34,36,18,60,-91.0
32,26,7,8,78,-580.0
58,53,31,48,20,100.25806451612902
30,4,16,53,14,82.875
25,24,11,58,70,-53.45454545454545
81,8,67,90,31,78.37313432835822
35,91,100,20,38,-22.68
18,47,55,24,80,-66.18181818181819
57,40,37,45,78,-86.51351351351352
9,83,62,27,59,-47.483870967741936
6,99,33,51,100,-155.9090909090909
4,85,91,57,98,-40.098901098901095
30,83,94,11,13,-2.404255319148936
59,97,95,89,31,95.2421052631579
96,54,58,82,80,5.172413793103448
71,34,81,43,41,2.5925925925925926
4,12,33,60,37,11.151515151515152
36,51,69,19,32,-16.391304347826086
95,84,92,81,18,122.57608695652173
54,89,4,88,59,1036.75
73,3,94,62,30,25.872340425531913
67,33,23,58,58,0.0
17,71,91,100,13,84.13186813186813
100,80,64,23,4,53.4375
47,1,39,14,46,-39.38461538461539
45,98,69,67,4,130.56521739130434
63,22,36,41,28,30.694444444444446
35,77,18,5,25,-124.44444444444444
95,59,84,56,46,18.333333333333332
62,51,48,27,65,-89.45833333333333
6,90,29,62,26,119.17241379310344
67,54,81,6,34,-41.82716049382716
45,81,41,33,85,-159.8048780487805
38,91,66,16,33,-33.22727272727273
80,47,39,31,85,-175.84615384615384
16,49,46,42,49,-9.891304347826088
17,79,22,91,79,52.36363636363636
2,75,15,26,21,25.666666666666668
88,28,66,33,38,-8.787878787878787
100,84,87,48,22,54.98850574712644
57,89,64,76,85,-20.53125
98,88,62,69,78,-27.0
18,87,46,52,98,-105.0
69,53,72,76,89,-22.02777777777778
79,74,91,46,3,72.2967032967033
72,99,26,24,11,85.5
78,95,7,80,6,1828.857142857143
48,76,16,96,94,15.5
30,42,78,9,100,-84.0
13,15,25,39,26,14.560000000000002
76,41,89,59,72,-17.08988764044944
94,63,93,1,89,-148.55913978494624
5,80,69,81,23,71.44927536231883
20,94,79,75,97,-31.746835443037973
92,65,79,26,6,39.74683544303797
88,94,8,45,91,-1046.5
19,51,61,4,44,-45.90163934426229
68,23,74,5,21,-19.675675675675677
18,90,51,38,62,-50.82352941176471
70,22,26,52,45,24.769230769230766
94,10,10,97,54,447.2
50,64,32,45,72,-96.1875
9,32,75,81,75,3.28
14,20,56,75,71,2.4285714285714284
89,75,60,93,7,235.06666666666666
31,25,7,41,2,312.0
31,65,65,97,15,121.10769230769232
32,55,68,6,60,-69.08823529411764
51,23,99,83,78,3.7373737373737375
17,12,58,48,3,22.5
18,55,36,41,52,-22.305555555555554
20,7,53,91,9,41.77358490566038
6,14,1,47,97,-1000.0
79,68,31,14,8,28.451612903225808
9,47,13,83,30,228.3076923076923
62,85,84,75,45,52.5
37,36,74,58,30,27.62162162162162
93,90,94,59,78,-36.98936170212766
69,33,83,93,52,50.3855421686747
79,10,1,74,49,2225.0
58,28,13,95,60,231.53846153846152
50,11,87,64,59,3.505747126436782
67,52,74,29,13,25.72972972972973
42,71,84,19,43,-32.28571428571429
48,77,35,27,58,-110.71428571428572
89,31,35,53,69,-54.857142857142854
12,46,78,11,89,-58.0
100,76,35,81,80,5.0285714285714285
2,39,13,76,24,164.0
2,71,17,7,5,8.588235294117647
66,39,23,84,82,9.130434782608695
30,36,84,15,50,-27.5
32,96,19,89,31,390.7368421052631
22,9,31,48,11,37.0
66,96,3,1,1,0.0
60,58,6,88,85,59.0
12,53,83,23,66,-33.674698795180724
91,56,64,50,32,41.34375
95,26,9,86,16,941.1111111111111
13,36,40,71,15,68.60000000000001
77,57,40,26,61,-117.25
81,15,53,8,3,9.056603773584905
68,54,98,47,66,-23.653061224489797
8,85,76,29,71,-51.39473684210526
53,44,31,42,48,-18.774193548387096
62,37,99,31,81,-50.0
92,78,69,19,51,-78.84057971014492
15,84,73,76,35,55.6027397260274
12,39,65,83,80,2.353846153846154
26,34,95,88,57,19.57894736842105
39,48,29,64,41,69.0
15,57,20,68,85,-61.2
18,39,65,35,9,22.8
11,5,82,12,18,-1.1707317073170733
25,1,49,83,12,37.673469387755105
60,70,17,64,79,-114.70588235294119
49,8,100,29,27,1.14
43,68,79,48,21,37.936708860759495
81,37,10,44,1,507.40000000000003
74,77,65,54,2,120.80000000000001
46,51,85,49,91,-47.92941176470588
71,100,98,88,20,118.6530612244898
83,58,68,99,53,95.38235294117648
92,65,80,47,17,58.875
67,22,41,9,100,-197.53658536585368
34,92,82,30,63,-50.707317073170735
39,67,7,83,86,-45.42857142857143
51,76,70,99,35,116.11428571428571
65,100,52,9,96,-276.0576923076923
15,85,48,91,86,10.416666666666668
76,20,29,56,65,-29.79310344827586
63,50,98,63,90,-31.13265306122449
100,72,41,73,29,184.58536585365854
3,93,48,16,90,-148.0
29,65,51,90,67,42.3921568627451
41,45,56,39,61,-33.785714285714285
66,28,53,51,87,-63.84905660377359
3,100,50,69,32,76.22
51,18,51,58,51,9.470588235294118
65,21,71,51,83,-38.76056338028169
55,7,31,33,8,50.0
67,32,63,68,91,-36.14285714285714
61,7,4,27,17,170.0
98,60,97,24,72,-78.18556701030928
85,73,97,61,76,-24.432989690721648
73,74,8,2,100,-1800.75
46,96,61,16,78,-144.327868852459
48,9,12,46,75,-137.75
48,100,89,20,60,-66.51685393258427
27,42,63,10,5,5.476190476190476
10,30,37,59,2,61.62162162162163
36,94,88,76,96,-29.545454545454547
85,6,55,1,25,-39.70909090909091
21,8,46,61,56,3.1521739130434785
22,36,70,59,100,-33.971428571428575
57,59,95,66,52,17.094736842105263
90,98,85,96,11,188.0
5,94,74,71,47,32.10810810810811
41,18,86,51,4,32.24418604651163
94,96,98,28,55,-52.3469387755102
43,3,43,51,69,-19.25581395348837
85,31,44,56,17,102.81818181818181
99,11,46,57,42,35.869565217391305
15,84,58,14,7,11.948275862068964
31,67,80,70,67,3.6750000000000003
82,67,67,83,72,24.46268656716418
48,28,65,24,57,-38.58461538461539
54,96,48,50,4,143.75
20,5,3,9,87,-650.0
93,82,26,18,98,-538.4615384615385
71,83,16,18,76,-558.25
62,48,76,15,88,-105.65789473684211
23,5,43,29,30,-0.6511627906976745
34,33,85,33,27,4.729411764705882
59,74,57,58,93,-81.66666666666667
5,78,2,64,83,-788.5
5,61,24,81,61,55.0
27,97,78,56,49,11.128205128205128
62,82,98,23,99,-111.6734693877551
51,10,16,26,71,-171.5625
85,97,38,67,95,-134.10526315789474
30,15,26,30,26,6.923076923076923
29,67,78,62,46,19.692307692307693
48,54,8,16,57,-522.75
44,25,37,68,25,80.1891891891892
48,42,76,72,18,63.94736842105263
7,14,34,8,87,-48.794117647058826
36,46,96,56,50,5.125
48,60,79,68,21,64.25316455696202
4,48,18,33,74,-118.44444444444444
8,44,21,38,64,-64.38095238095238
10,66,55,87,29,80.14545454545454
15,60,82,55,58,-2.7439024390243905
4,57,34,99,23,136.35294117647058
40,16,18,13,71,-180.44444444444446
20,34,35,4,14,-15.428571428571429
4,43,13,46,61,-54.23076923076923
29,43,2,6,95,-3204.0
43,67,51,50,33,36.666666666666664
91,50,20,68,89,-148.04999999999998
15,68,9,36,85,-451.88888888888886
87,3,53,12,33,-35.660377358490564
70,28,50,95,50,88.2
48,32,44,100,84,29.09090909090909
72,73,64,38,49,-24.921875
80,32,10,42,73,-347.2
67,44,71,84,33,79.73239436619718
29,92,84,92,91,1.4404761904761905
81,33,4,21,85,-1824.0
2,34,58,81,49,19.862068965517242
77,67,95,4,89,-128.8421052631579
11,92,76,14,76,-84.02631578947368
14,39,6,5,55,-441.6666666666667
32,20,36,70,50,28.88888888888889
31,14,10,93,6,391.5
72,93,42,77,96,-74.64285714285714
4,52,96,64,32,18.666666666666668
39,79,51,36,25,25.450980392156865
82,51,62,46,40,12.870967741935484
57,1,54,85,86,-1.0740740740740742
90,45,83,29,8,34.1566265060241
37,75,25,95,66,129.92000000000002
38,77,28,41,67,-106.78571428571428
36,9,92,43,88,-22.01086956521739
92,75,88,6,76,-132.8409090909091
81,75,17,40,70,-275.2941176470588
87,2,16,65,14,283.6875
48,88,32,8,66,-246.5
25,48,5,90,39,744.6
61,14,49,12,34,-33.6734693877551
14,83,52,66,73,-13.057692307692308
50,24,53,40,81,-57.24528301886792
3,29,35,89,25,58.51428571428571
83,53,59,34,98,-147.52542372881356
81,11,70,80,91,-14.457142857142857
69,17,21,69,45,98.28571428571428
32,29,18,70,40,101.66666666666667
21,7,25,26,56,-33.6
100,49,64,28,13,34.921875
93,33,72,19,71,-91.0
99,46,8,56,64,-145.0
94,54,47,83,84,-3.148936170212766
6,51,35,12,80,-110.74285714285715
15,17,31,65,84,-19.612903225806452
31,45,59,59,83,-30.91525423728813
57,48,30,95,64,108.5
15,23,72,87,31,29.555555555555557
72,84,36,30,92,-268.66666666666663
2,52,92,64,39,14.673913043478262
18,60,90,13,1,10.4
79,2,62,72,17,71.85483870967742
39,52,13,73,33,280.0
10,30,49,2,84,-66.93877551020408
27,55,73,6,41,-39.31506849315069
82,71,48,46,17,92.4375
15,55,34,45,13,65.88235294117646
70,60,41,27,66,-123.65853658536587
46,40,82,78,71,7.341463414634147
96,89,45,62,72,-41.11111111111111
83,40,96,37,45,-10.25
75,83,66,55,64,-21.545454545454547
64,6,95,50,65,-11.052631578947368
100,64,59,64,16,133.42372881355934
80,97,56,10,93,-262.3392857142857
99,66,91,6,66,-108.79120879120879
64,50,77,41,12,42.935064935064936
68,45,85,61,87,-34.56470588235294
77,72,43,9,74,-225.2325581395349
99,2,8,51,88,-467.125
43,53,78,90,15,92.3076923076923
93,7,37,17,53,-97.29729729729729
88,37,18,1,97,-666.6666666666667
13,9,53,78,97,-7.886792452830189
51,73,36,100,64,124.0
19,87,85,34,11,28.68235294117647
69,10,42,99,87,22.57142857142857
71,66,56,47,95,-117.42857142857144
3,24,63,76,70,2.571428571428571
51,57,94,7,46,-44.808510638297875
98,52,70,73,37,77.14285714285714
37,15,9,39,1,219.55555555555554
55,7,31,90,84,12.0
94,21,62,36,67,-57.5
54,29,35,36,1,83.0
87,41,63,77,2,152.38095238095238
89,85,91,88,75,24.857142857142858
51,87,81,63,10,90.29629629629629
40,42,88,47,69,-20.5
47,18,29,33,86,-118.79310344827586
40,13,10,37,88,-270.3
35,15,42,10,52,-50.0
35,53,36,24,38,-34.22222222222223
69,86,81,82,70,22.962962962962962
100,16,77,53,95,-63.27272727272727
100,47,33,43,77,-151.45454545454544
24,65,20,26,70,-195.8
23,16,25,37,21,24.96
88,49,49,46,60,-39.142857142857146
36,14,8,98,42,350.0
52,31,10,100,64,298.8
27,28,77,12,85,-52.142857142857146
26,63,38,74,68,14.052631578947368
78,91,79,75,88,-27.81012658227848
21,72,84,47,17,33.214285714285715
20,18,89,15,75,-25.617977528089888
59,12,41,30,91,-105.63414634146342
20,79,36,9,62,-145.75
44,4,86,30,43,-7.255813953488372
45,86,76,29,16,22.407894736842103
74,41,55,87,18,144.27272727272728
36,73,87,43,27,20.04597701149425
79,43,10,78,6,878.4
12,81,62,9,44,-52.5
79,51,77,33,62,-48.96103896103896
18,75,58,26,88,-99.41379310344827
100,7,86,4,74,-87.09302325581395
12,24,29,51,32,23.586206896551726
47,27,18,8,1,28.777777777777775
42,87,38,34,48,-47.526315789473685
95,52,77,52,86,-64.9090909090909
48,27,66,39,75,-40.909090909090914
15,76,44,100,86,28.954545454545457
23,10,33,49,74,-25.0
99,17,44,5,82,-203.0
46,21,49,28,62,-46.48979591836735
81,55,95,31,38,-10.021052631578947
29,23,41,73,32,52.0
64,39,23,55,7,214.95652173913044
41,80,30,10,60,-201.66666666666666
70,73,72,16,50,-67.52777777777779
60,37,8,25,30,-60.625
63,12,88,28,65,-31.53409090909091
45,15,18,85,100,-50.0
26,45,2,35,63,-994.0
81,31,79,63,25,53.87341772151899
15,52,68,68,69,-0.9852941176470589
91,99,56,31,38,-23.75
52,54,61,95,46,85.14754098360656
69,85,78,67,3,126.35897435897436
55,76,99,84,14,92.62626262626263
91,14,89,9,15,-7.078651685393258
7,50,59,47,25,21.25423728813559
78,42,18,76,37,260.0
46,81,63,14,84,-141.11111111111111
80,73,38,1,39,-153.0
65,2,17,96,98,-7.882352941176471
39,89,49,5,13,-20.897959183673468
14,40,45,19,8,13.2
95,72,7,23,42,-453.2857142857143
72,28,98,70,60,10.204081632653061
27,81,71,81,47,51.71830985915493
21,21,96,1,4,-1.3125
36,59,1,78,41,3515.0
90,78,46,29,93,-233.7391304347826
85,40,20,50,63,-81.25
28,9,28,53,26,35.67857142857143
50,15,12,25,33,-43.333333333333336
90,61,97,7,44,-57.597938144329895
82,26,10,10,63,-572.4000000000001
73,42,11,77,71,62.727272727272734
24,91,68,62,74,-20.294117647058822
34,3,81,9,65,-25.580246913580247
75,30,23,8,36,-127.82608695652173
88,47,73,27,27,0.0
48,59,75,57,61,-5.706666666666667
89,73,43,58,28,113.02325581395348
81,23,4,62,36,676.0
43,14,44,64,26,49.22727272727273
86,100,84,8,37,-64.21428571428572
85,91,40,94,50,193.60000000000002
6,25,59,56,69,-6.830508474576272
90,92,2,78,99,-1911.0
65,68,56,40,85,-106.875
85,21,28,82,50,121.14285714285714
4,19,7,41,41,0.0
37,12,12,80,18,253.16666666666666
67,26,63,97,77,29.523809523809526
92,18,46,2,22,-47.826086956521735
90,58,61,85,34,123.73770491803279
42,69,40,6,37,-86.02499999999999
95,84,95,32,43,-20.726315789473684
84,23,21,58,100,-214.0
96,2,97,22,42,-20.20618556701031
71,45,88,40,52,-15.818181818181817
10,36,93,33,70,-18.301075268817204
13,25,70,9,21,-6.514285714285714
74,34,13,98,98,0.0
50,98,75,47,93,-90.77333333333334
60,100,41,73,28,175.60975609756096
41,88,64,46,68,-44.34375
58,9,19,80,80,0.0
39,18,74,36,11,19.256756756756758
19,74,35,46,65,-50.48571428571428
37,17,59,40,88,-43.932203389830505
46,55,63,83,16,107.41269841269842
15,80,73,30,26,5.205479452054795
97,80,71,86,9,191.95774647887322
38,4,97,59,55,1.731958762886598
60,97,15,16,62,-481.4666666666667
97,90,45,80,9,295.0444444444445
28,78,1,69,89,-2120.0
87,92,17,59,62,-31.588235294117645
58,46,37,85,48,104.0
10,54,62,75,38,38.193548387096776
21,96,36,97,80,55.25
48,53,40,82,15,169.17499999999998
80,38,61,35,89,-104.45901639344262
59,21,33,67,21,111.51515151515152
97,44,21,80,73,47.0
93,69,93,67,36,54.0
16,93,49,73,3,155.71428571428572
80,22,85,8,77,-82.8
61,43,60,85,86,-1.7333333333333334
3,72,25,99,38,183.0
48,28,67,49,13,40.83582089552239
53,61,76,74,17,85.5
99,25,7,44,83,-690.8571428571429
57,50,23,84,2,381.47826086956525
7,51,13,84,97,-58.0
13,88,74,7,35,-38.21621621621622
99,52,55,86,83,8.236363636363636
86,38,21,79,57,129.90476190476193
70,58,56,72,96,-54.857142857142854
86,64,9,85,16,1150.0
87,34,6,52,78,-524.3333333333334
34,42,61,96,5,113.37704918032787
26,65,38,45,54,-21.55263157894737
89,70,57,61,5,156.21052631578945
34,78,20,65,80,-84.0
34,56,68,44,68,-31.764705882352942
84,13,96,65,96,-31.322916666666668
71,43,16,53,39,99.75
28,90,85,1,78,-106.89411764705882
51,95,12,30,3,328.5
45,56,4,13,60,-1186.75
3,61,97,41,32,5.938144329896907
54,3,11,21,88,-347.1818181818182
96,58,8,20,88,-1309.0
35,82,58,32,3,58.5
66,43,59,67,95,-51.728813559322035
56,9,49,44,98,-71.63265306122449
67,44,34,42,50,-26.11764705882353
61,84,9,67,77,-161.11111111111111
98,34,23,84,90,-34.43478260869565
58,72,96,42,46,-5.416666666666667
21,12,33,83,32,51.0
69,83,58,25,34,-23.586206896551722
6,36,85,86,54,15.811764705882354
17,49,76,73,4,59.92105263157895
47,67,84,16,95,-107.21428571428572
62,37,93,31,14,18.096774193548384
42,100,68,99,47,108.58823529411765
49,89,77,93,1,164.88311688311688
64,44,66,29,47,-29.454545454545457
91,1,37,41,34,17.405405405405403
92,20,86,26,87,-79.44186046511628
21,7,1,48,3,1260.0
36,20,95,17,16,0.5894736842105263
79,7,22,58,83,-97.72727272727273
88,67,30,31,81,-258.33333333333337
33,83,80,75,58,24.65
71,94,74,16,55,-86.95945945945947
28,49,6,45,64,-243.83333333333334
79,98,41,68,10,250.39024390243904
59,33,51,28,96,-122.66666666666667
75,84,59,76,28,129.35593220338984
90,59,31,19,32,-62.483870967741936
84,98,91,24,23,2.0
32,72,47,75,40,77.4468085106383
14,45,94,29,69,-25.106382978723403
75,1,8,14,52,-361.0
17,50,95,12,28,-11.284210526315789
1,2,70,71,15,2.4
58,32,91,28,15,12.857142857142858
56,59,54,67,38,61.75925925925927
5,28,72,57,6,23.375
16,35,26,34,39,-9.807692307692307
36,14,7,1,27,-185.71428571428572
56,19,51,22,67,-66.1764705882353
82,26,27,12,36,-96.0
28,48,30,32,22,25.333333333333332
69,38,94,89,60,33.01063829787234
79,63,20,80,4,539.6
24,63,5,67,66,17.4
50,72,95,82,39,55.22105263157895
18,47,97,28,11,11.391752577319586
19,52,99,84,25,42.31313131313131
52,5,77,97,86,8.142857142857142
36,61,84,10,50,-46.19047619047619
69,78,96,87,49,58.1875
100,32,25,65,67,-10.56
28,58,79,68,57,11.974683544303797
42,40,52,3,100,-152.96153846153845
73,11,48,54,15,68.25
88,27,4,62,2,1725.0
86,86,80,50,67,-36.55
88,85,75,52,54,-4.613333333333333
87,20,34,1,77,-239.17647058823528
65,11,3,16,64,-1216.0
2,97,46,48,95,-101.15217391304347
38,71,87,16,68,-65.14942528735632
73,70,54,15,83,-180.07407407407408
82,92,99,33,19,24.606060606060606
92,62,6,70,65,128.33333333333334
81,77,95,1,39,-63.2
6,66,96,40,13,20.25
36,100,29,46,25,98.48275862068965
12,95,36,44,11,98.08333333333334
100,34,28,32,69,-177.07142857142856
84,44,80,20,38,-28.8
84,3,71,75,63,14.704225352112676
72,18,22,4,61,-233.1818181818182
50,39,21,57,65,-33.904761904761905
86,29,6,56,11,862.5
23,80,56,70,65,9.196428571428571
52,17,56,60,79,-23.41071428571429
10,62,19,80,76,15.157894736842104
22,82,15,12,93,-561.6
68,91,9,50,58,-141.33333333333334
87,88,75,90,67,53.66666666666667
88,52,74,7,29,-41.62162162162162
17,71,43,42,21,42.97674418604652
58,70,73,47,92,-78.9041095890411
7,15,42,75,75,0.0
7,32,33,21,21,0.0
5,2,22,40,99,-18.772727272727273
67,68,13,15,60,-467.3076923076923
54,35,96,82,70,11.125
65,6,59,32,23,10.83050847457627
16,52,28,85,35,121.42857142857142
74,4,23,50,52,-6.782608695652174
100,26,26,53,98,-218.07692307692307
76,37,85,51,2,65.14117647058823
84,16,72,3,10,-9.722222222222221
29,44,19,73,3,268.9473684210526
54,69,21,38,18,117.14285714285714
7,55,13,82,94,-57.230769230769226
77,5,82,89,48,41.0
63,20,66,57,90,-41.5
28,41,97,56,8,34.144329896907216
54,65,59,97,92,10.084745762711865
60,78,37,2,28,-96.97297297297297
26,96,29,66,15,214.55172413793105
28,2,24,40,24,20.0
84,99,73,19,41,-55.150684931506845
83,49,25,20,17,15.84
4,56,42,35,64,-41.42857142857143
35,74,27,54,71,-68.62962962962963
77,21,6,98,29,1127.0
100,72,79,57,4,115.39240506329114
66,98,69,81,35,109.33333333333333
38,90,63,33,99,-134.09523809523807
23,88,64,44,41,5.203125
90,14,92,85,80,5.652173913043478
4,63,47,71,58,18.53191489361702
78,44,96,36,82,-58.45833333333333
42,52,7,84,62,295.42857142857144
14,59,70,88,36,54.228571428571435
87,15,68,97,65,48.0
71,57,89,89,49,57.52808988764045
97,6,12,99,61,326.1666666666667
66,93,93,38,40,-3.4193548387096775
46,25,62,33,90,-65.2741935483871
17,69,27,28,8,63.7037037037037
30,69,77,69,83,-18.0
25,90,10,25,49,-276.0
32,43,91,49,5,36.26373626373626
95,42,13,8,92,-885.2307692307692
50,44,84,11,86,-83.92857142857143
82,29,20,45,69,-133.2
19,48,63,83,63,21.26984126984127
77,54,19,6,5,6.894736842105263
74,1,24,59,80,-65.625
49,8,24,9,76,-159.125
25,75,29,58,65,-24.137931034482758
54,42,10,73,74,-9.6
8,69,27,62,48,39.925925925925924
8,47,94,19,6,7.6063829787234045
61,40,74,34,23,15.013513513513514
65,70,65,50,29,43.61538461538462
53,80,42,34,89,-174.16666666666666
41,16,80,37,27,7.125
48,84,49,73,90,-45.795918367346935
11,40,48,90,19,75.4375
65,60,21,7,26,-113.0952380952381
29,59,66,73,26,62.666666666666664
100,97,46,86,29,244.1086956521739
95,54,99,26,2,36.12121212121212
31,83,7,34,1,537.4285714285714
30,87,88,19,10,11.965909090909092
48,77,24,88,54,177.08333333333331
78,92,32,13,91,-414.375
71,24,87,15,97,-89.54022988505749
78,45,66,43,41,3.727272727272727
68,39,9,62,8,642.0
13,24,5,59,8,377.40000000000003
98,7,77,90,2,119.99999999999999
95,71,75,77,33,97.38666666666667
95,96,88,85,34,110.69318181818181
38,6,24,27,25,3.6666666666666665
90,40,92,98,26,101.73913043478261
82,49,97,1,31,-40.51546391752578
8,44,31,59,10,82.19354838709678
33,67,78,100,14,110.25641025641026
81,39,1,21,13,960.0
43,6,45,37,68,-33.75555555555555
15,64,70,77,7,79.0
24,12,74,26,57,-15.081081081081082
22,59,82,18,50,-31.609756097560975
39,52,20,12,20,-36.4
59,77,38,43,74,-110.94736842105263
88,57,20,81,18,456.75
41,42,57,39,5,49.50877192982456
83,83,87,29,14,28.620689655172413
72,50,93,14,22,-10.494623655913978
35,89,87,63,20,61.287356321839084
72,31,51,83,82,2.019607843137255
68,80,98,18,47,-43.795918367346935
63,1,81,13,16,-2.3703703703703702
88,58,48,13,98,-258.54166666666663
28,48,69,13,69,-61.68115942028986
21,92,12,77,77,0.0
68,78,3,1,91,-4380.0
24,14,64,42,71,-17.21875
98,16,9,78,99,-266.0
33,83,45,100,15,219.11111111111111
35,9,9,6,2,19.555555555555557
31,32,44,89,25,91.63636363636364
16,89,95,63,44,21.000000000000004
49,10,17,15,44,-100.64705882352942
28,36,87,54,43,8.091954022988507
46,11,11,32,43,-57.0
57,50,47,87,67,45.53191489361702
2,42,36,56,17,47.66666666666667
49,83,50,56,61,-13.200000000000001
54,9,99,8,26,-11.454545454545455
4,57,11,54,84,-166.36363636363637
76,90,31,9,72,-337.3548387096774
23,82,75,83,21,86.8
19,35,87,35,58,-14.275862068965518
25,76,98,98,23,77.29591836734693
22,71,13,7,82,-536.5384615384615
96,67,77,9,96,-184.1688311688312
55,15,4,43,51,-140.0
62,29,82,47,1,51.04878048780488
55,61,83,61,74,-18.168674698795183
67,15,59,95,16,109.79661016949153
57,24,56,48,55,-10.125
44,70,62,49,39,18.387096774193548
66,41,85,22,99,-96.92941176470588
60,36,17,77,40,208.94117647058826
68,17,42,19,6,26.30952380952381
39,89,97,88,19,91.05154639175258
79,4,70,13,94,-96.04285714285714
12,55,23,47,5,122.34782608695653
61,35,67,64,28,51.582089552238806
45,55,3,88,41,1566.6666666666667
19,82,10,66,19,474.7
67,1,14,49,51,-9.714285714285714
60,55,84,19,61,-57.5
58,10,57,76,7,82.3157894736842
62,41,66,70,64,9.363636363636363
12,79,17,11,29,-96.35294117647058
61,98,69,100,94,13.826086956521738
96,53,3,4,52,-2384.0
72,53,25,81,51,150.0
90,58,87,11,98,-148.0
5,85,95,8,63,-52.10526315789473
9,99,68,32,23,14.294117647058822
4,14,58,20,49,-9.0
99,16,29,89,77,47.58620689655173
2,96,100,43,41,1.96
54,70,67,62,12,92.53731343283582
88,61,37,66,47,76.51351351351352
30,19,40,63,71,-9.8
47,8,10,91,87,22.0
78,71,13,37,22,171.92307692307693
28,63,18,17,58,-207.27777777777777
52,99,57,68,68,0.0
75,92,75,11,37,-57.89333333333333
82,45,13,49,3,449.3846153846154
4,25,86,29,65,-12.13953488372093
71,72,12,87,87,0.0
18,79,35,81,90,-24.942857142857143
10,25,57,34,12,13.508771929824562
61,33,41,82,70,27.512195121951216
59,50,27,45,15,121.11111111111111
66,74,88,11,74,-100.22727272727272
29,59,77,45,26,21.71428571428571
8,65,2,72,68,146.0
46,53,71,48,74,-36.25352112676056
99,59,34,97,54,199.82352941176472
59,96,35,6,44,-168.2857142857143
52,67,13,3,98,-869.6153846153845
54,52,89,36,1,41.68539325842697
37,21,56,25,62,-38.32142857142858
17,83,72,47,83,-50.0
82,20,80,76,9,85.425
20,11,16,35,11,46.5
54,55,66,75,36,64.4090909090909
27,64,76,6,48,-50.28947368421053
59,27,32,98,45,142.4375
3,32,83,69,14,23.192771084337352
49,55,29,31,15,57.37931034482759
59,94,26,91,78,76.5
94,89,78,76,32,103.23076923076924
59,36,86,57,80,-25.406976744186046
72,92,56,34,39,-14.642857142857142
33,21,27,95,59,72.0
61,92,63,3,46,-104.42857142857142
70,32,68,50,8,63.0
69,1,46,35,24,16.73913043478261
47,80,42,4,50,-139.0952380952381
89,30,4,98,57,1219.75
34,83,36,35,3,104.0
98,68,79,77,71,12.60759493670886
2,26,95,79,81,-0.5894736842105263
17,40,63,54,89,-31.666666666666668
15,84,95,5,64,-61.484210526315785
95,16,86,55,78,-29.686046511627907
15,81,57,50,7,72.42105263157895
31,34,85,83,18,49.705882352941174
5,46,81,25,70,-28.333333333333336
65,58,40,29,14,46.125
89,41,3,92,1,3943.3333333333335
75,95,65,56,7,128.15384615384616
76,51,22,13,24,-63.5
47,64,55,84,79,10.09090909090909
82,6,88,15,5,10.0
40,71,51,63,89,-56.588235294117645
42,17,7,92,43,413.0
54,48,41,33,12,52.24390243902439
29,31,85,18,71,-37.411764705882355
25,58,2,62,63,-41.5
87,27,95,75,45,36.0
46,5,43,48,82,-40.32558139534884
50,95,19,58,62,-30.526315789473685
34,71,42,91,29,155.0
4,13,35,100,73,13.114285714285714
47,10,74,13,100,-67.01351351351352
82,24,73,8,6,2.904109589041096
90,27,85,39,81,-57.811764705882354
91,70,4,3,25,-885.5
54,66,43,10,26,-44.651162790697676
27,21,54,26,58,-28.444444444444443
47,12,26,69,74,-11.346153846153847
40,36,23,31,87,-185.04347826086956
97,49,9,4,10,-97.33333333333333
94,67,25,49,74,-161.0
68,61,46,64,14,140.2173913043478
82,95,35,65,9,283.2
81,58,33,95,93,8.424242424242424
21,87,21,22,35,-66.85714285714286
44,29,51,57,79,-31.490196078431374
51,34,28,57,96,-118.39285714285714
22,41,32,57,7,98.4375
44,25,61,32,50,-20.360655737704917
80,19,25,68,1,265.32
77,95,59,33,59,-75.79661016949152
62,57,52,79,58,48.05769230769231
19,19,20,46,37,17.099999999999998
18,10,6,58,11,219.33333333333334
28,55,16,80,89,-46.6875
93,88,37,85,61,117.40540540540542
14,33,38,43,82,-48.23684210526316
34,72,68,98,98,0.0
92,45,25,13,63,-274.0
90,67,24,29,76,-307.45833333333337
85,42,8,42,93,-809.625
56,5,94,26,95,-44.77659574468085
11,13,73,29,54,-8.21917808219178
16,24,68,94,21,42.94117647058824
94,55,76,13,21,-15.68421052631579
35,95,2,6,42,-2340.0
27,4,87,72,73,-0.3563218390804598
36,18,83,3,78,-48.795180722891565
47,63,74,37,1,53.51351351351351
76,25,100,63,36,27.27
74,91,26,84,30,342.6923076923077
70,1,21,74,47,91.28571428571429
39,71,95,93,75,20.842105263157897
82,45,46,8,14,-16.565217391304348
77,99,45,15,11,15.644444444444444
81,10,8,28,43,-170.625
78,70,60,1,74,-180.06666666666666
79,55,90,18,35,-25.31111111111111
24,39,51,77,97,-24.705882352941178
88,4,33,25,30,-13.939393939393941
4,53,69,49,1,39.65217391304348
87,51,63,80,88,-17.523809523809526
46,68,16,64,21,306.375
69,62,62,14,89,-158.46774193548387
26,84,46,28,92,-153.04347826086956
37,27,92,77,63,9.73913043478261
70,33,86,32,38,-7.186046511627906
49,91,100,77,99,-30.799999999999997
20,70,3,98,56,1260.0
64,71,72,12,67,-103.125
81,65,4,62,93,-1131.5
71,30,19,58,86,-148.8421052631579
77,61,70,3,91,-173.4857142857143
62,19,2,46,61,-607.5
8,28,98,77,17,22.040816326530614
49,31,73,100,49,55.890410958904106
19,56,26,53,20,95.1923076923077
51,13,18,27,6,74.66666666666666
70,10,59,94,91,4.067796610169491
40,72,25,83,67,71.68
95,45,22,87,6,515.4545454545454
53,72,77,29,97,-110.38961038961038
64,12,33,89,32,131.27272727272728
7,24,97,28,38,-3.1958762886597936
71,69,89,30,34,-6.292134831460674
90,1,79,44,79,-40.31645569620253
14,2,19,6,82,-64.0
3,3,59,74,92,-1.8305084745762712
74,13,74,97,3,110.51351351351352
51,13,14,3,96,-425.1428571428571
85,77,55,94,12,241.5272727272727
91,47,49,56,36,56.326530612244895
11,1,24,28,32,-2.0
65,31,96,65,64,1.0
80,34,46,19,2,42.130434782608695
51,78,24,26,9,91.375
8,56,12,20,49,-154.66666666666666
90,24,17,37,34,20.11764705882353
47,32,22,47,49,-7.181818181818182
4,70,53,18,95,-107.50943396226414
40,84,78,45,90,-71.53846153846153
67,81,22,68,95,-181.63636363636365
9,75,20,73,48,105.0
82,36,70,31,46,-25.285714285714285
100,9,8,64,69,-68.125
33,95,90,99,5,133.6888888888889
37,39,60,39,55,-20.266666666666666
8,41,71,87,82,3.4507042253521125
66,64,91,13,69,-80.0
2,20,54,7,61,-22.0
66,46,79,48,57,-12.759493670886076
83,48,63,73,78,-10.396825396825397
34,53,9,1,66,-628.3333333333333
39,8,41,56,91,-40.12195121951219
2,67,47,84,28,82.2127659574468
1,77,39,18,48,-60.0
51,90,4,67,6,2150.25
22,72,47,33,15,36.0
90,79,94,68,94,-46.744680851063826
50,81,47,27,41,-39.02127659574468
85,69,6,4,17,-333.6666666666667
61,92,62,26,54,-69.09677419354838
100,17,21,87,6,451.2857142857143
53,56,70,6,57,-79.41428571428571
31,46,87,84,66,15.931034482758621
90,21,85,97,58,50.92941176470588
4,94,14,55,75,-140.0
60,40,40,40,6,85.0
17,41,34,42,90,-81.88235294117646
8,37,69,55,42,8.478260869565217
90,35,90,61,80,-26.38888888888889
88,83,7,63,78,-366.4285714285714
21,69,39,69,73,-9.23076923076923
14,16,100,80,76,1.2
23,41,80,43,20,18.400000000000002
54,99,30,73,31,214.2
13,93,25,15,67,-220.48000000000002
42,22,39,2,41,-64.0
1,49,13,35,16,73.07692307692308
57,46,15,45,16,199.13333333333333
38,56,23,15,87,-294.26086956521743
78,88,88,78,10,128.27272727272728
36,83,87,47,56,-12.310344827586206
72,26,30,15,70,-179.66666666666666
3,47,39,92,69,29.48717948717949
70,61,95,81,22,81.35789473684211
41,31,96,13,30,-12.75
34,26,78,51,68,-13.076923076923078
5,19,11,10,45,-76.36363636363636
24,23,5,86,97,-103.4
55,75,10,79,24,715.0
45,75,30,26,64,-152.0
51,16,27,74,19,136.48148148148147
65,72,3,26,77,-2329.0
50,54,9,1,81,-924.4444444444445
59,94,4,37,55,-688.5
85,84,7,4,58,-1303.7142857142858
2,39,79,13,4,4.670886075949367
88,81,11,85,85,0.0
36,19,58,88,14,70.17241379310344
40,23,57,21,98,-85.10526315789474
69,8,16,27,66,-187.6875
92,36,27,57,50,33.18518518518518
68,89,17,20,92,-664.9411764705882
12,71,59,70,48,30.949152542372882
32,31,9,3,66,-441.0
37,63,55,4,32,-50.90909090909091
61,24,53,94,19,120.28301886792454
87,49,46,86,49,109.39130434782608
20,5,84,2,53,-15.178571428571429
20,97,30,77,37,156.0
71,73,21,43,20,157.7142857142857
4,61,19,35,51,-54.73684210526316
44,12,66,68,43,21.21212121212121
81,11,94,95,51,43.06382978723404
52,46,69,27,94,-95.15942028985508
78,8,10,87,53,292.4
7,20,6,57,4,238.5
29,48,15,3,94,-467.1333333333334
90,81,20,59,67,-68.4
90,63,97,39,12,42.58762886597938
10,30,16,7,32,-62.5
82,16,49,52,85,-66.0
40,66,49,36,70,-73.55102040816327
60,20,33,97,78,46.06060606060606
76,92,46,87,43,160.69565217391303
3,25,44,99,95,2.5454545454545454
40,99,76,26,76,-91.44736842105263
53,4,26,64,7,124.96153846153847
39,35,58,61,17,56.13793103448276
16,98,51,96,64,71.52941176470588
70,20,59,12,30,-27.457627118644066
49,96,31,7,98,-425.6451612903226
40,27,33,5,41,-73.0909090909091
75,71,63,34,74,-92.69841269841271
19,14,4,37,72,-288.75
17,17,50,100,5,64.60000000000001
100,81,7,15,94,-2042.7142857142858
91,89,86,91,34,119.30232558139537
78,71,61,23,16,17.098360655737704
18,68,43,20,31,-22.0
34,94,68,45,25,37.64705882352941
45,59,85,25,97,-88.09411764705882
79,2,85,1,44,-40.976470588235294
92,42,37,65,8,206.43243243243242
13,2,72,64,35,6.041666666666667
78,27,86,68,20,58.604651162790695
34,15,34,29,86,-82.1470588235294
6,88,97,94,43,49.422680412371136
38,69,60,74,40,60.63333333333334
7,48,20,4,31,-74.25
54,50,85,71,38,40.3764705882353
41,15,93,10,31,-12.645161290322582
11,81,58,46,3,68.20689655172414
8,11,96,32,72,-7.916666666666666
64,66,57,43,88,-102.63157894736842
55,4,93,98,51,29.817204301075268
43,16,62,51,50,0.9516129032258065
59,22,40,1,62,-123.52499999999999
14,91,82,71,58,16.646341463414636
44,64,19,47,1,261.4736842105263
20,63,18,57,62,-23.055555555555554
8,76,37,100,74,59.027027027027025
76,33,52,19,60,-85.9423076923077
22,80,36,65,23,119.0
42,61,55,83,60,43.07272727272728
7,66,29,14,75,-153.55172413793102
52,4,49,18,2,18.285714285714285
59,7,46,84,92,-11.478260869565217
23,81,23,72,38,153.7391304347826
8,99,75,31,21,14.266666666666667
6,36,22,87,73,26.727272727272727
36,69,90,73,41,37.333333333333336
97,19,70,50,18,53.02857142857143
34,64,94,51,69,-18.76595744680851
84,4,16,12,52,-220.0
96,85,63,59,76,-48.84126984126984
61,22,63,57,69,-15.80952380952381
90,10,45,100,45,122.22222222222223
63,80,25,52,65,-74.36
66,36,25,100,43,232.56
74,34,21,26,1,128.57142857142858
76,49,19,11,66,-361.84210526315786
97,94,10,48,93,-859.5000000000001
5,46,82,38,68,-18.658536585365855
94,60,87,88,15,129.2183908045977
56,44,25,61,48,52.0
56,94,82,91,77,25.609756097560975
53,1,30,69,95,-46.800000000000004
82,84,3,65,65,0.0
55,82,19,14,65,-367.7368421052631
47,59,90,75,43,37.68888888888889
78,97,37,84,94,-47.2972972972973
7,36,16,1,35,-91.375
47,11,33,27,43,-28.12121212121212
58,52,2,81,24,3135.0
15,46,14,75,77,-8.714285714285714
78,87,49,95,3,309.7959183673469
35,18,70,91,91,0.0
60,2,25,99,100,-2.48
9,10,89,99,17,17.50561797752809
2,99,67,56,34,33.16417910447761
60,3,70,28,92,-57.6
97,20,37,79,56,72.72972972972973
11,70,85,40,100,-57.17647058823529
5,10,12,85,24,76.25
51,18,79,99,73,22.70886075949367
57,83,26,42,58,-86.15384615384616
72,66,46,83,64,57.0
25,88,78,81,69,17.384615384615383
8,86,40,73,1,169.20000000000002
89,70,98,48,26,35.69387755102041
31,92,49,30,79,-123.0
78,5,34,58,89,-75.6764705882353
97,94,92,91,54,76.81521739130436
55,92,58,21,36,-38.01724137931034
77,14,53,62,18,75.54716981132076
93,69,91,40,75,-62.30769230769231
85,16,89,77,52,28.370786516853936
37,76,62,61,48,23.693548387096772
24,95,22,74,66,43.27272727272727
86,5,87,80,56,25.103448275862068
29,85,17,31,3,187.76470588235296
10,9,85,66,2,14.305882352941177
97,55,96,73,63,15.833333333333332
100,58,93,92,30,105.33333333333334
73,92,34,79,62,82.5
93,25,5,31,10,495.6
34,5,45,35,68,-28.6
25,55,24,74,50,80.0
91,19,76,92,71,30.394736842105264
26,87,55,96,96,0.0
81,6,97,33,82,-43.948453608247426
53,15,63,68,43,26.984126984126984
29,23,20,18,51,-85.8
17,98,26,68,27,181.34615384615387
70,99,72,66,60,14.083333333333334
14,87,56,71,15,101.0
90,3,35,75,12,167.4
31,1,56,73,30,24.57142857142857
26,100,4,38,30,252.0
47,28,91,19,52,-27.197802197802197
29,14,8,97,64,177.375
93,28,99,25,29,-4.888888888888889
90,32,88,80,78,2.772727272727273
81,55,80,81,81,0.0
1,58,54,20,25,-5.462962962962963
1,43,27,74,17,92.88888888888889
97,36,12,80,11,764.75
100,37,2,97,66,2123.5
75,45,34,72,27,158.8235294117647
51,99,78,50,60,-19.23076923076923
64,9,80,29,50,-19.162499999999998
39,52,63,98,78,28.88888888888889
36,57,93,54,10,44.0
7,100,98,56,55,1.0918367346938775
24,75,31,75,94,-60.677419354838705
27,57,20,32,10,92.4
11,10,100,23,44,-4.41
41,89,30,16,100,-364.0
32,53,83,70,22,49.1566265060241
10,35,23,18,83,-127.17391304347827
99,17,9,31,40,-116.0
34,8,42,57,79,-22.0
60,65,60,68,46,45.833333333333336
29,7,20,25,63,-68.4
30,71,67,96,82,21.104477611940297
89,88,67,2,43,-108.31343283582089
88,91,93,93,16,148.20430107526883
47,52,37,50,81,-82.94594594594595
75,75,58,56,72,-41.37931034482759
86,17,98,10,48,-39.93877551020408
46,26,22,45,36,29.454545454545457
20,69,36,41,67,-64.27777777777779
19,91,50,18,95,-169.4
55,33,15,71,29,246.39999999999998
38,6,62,8,81,-51.80645161290323
68,75,38,41,59,-67.73684210526315
19,67,89,1,12,-10.629213483146067
31,43,97,36,90,-41.19587628865979
10,26,57,34,93,-37.26315789473684
53,61,67,95,48,79.97014925373135
53,73,15,79,71,67.2
5,83,68,41,99,-75.05882352941177
48,45,3,24,66,-1302.0
69,38,3,10,59,-1747.6666666666665
40,83,11,69,57,134.1818181818182
24,30,80,50,29,14.175
35,94,63,25,60,-71.66666666666666
9,75,40,88,8,168.0
22,72,36,43,82,-101.83333333333333
31,50,16,37,48,-55.6875
30,1,97,59,72,-4.154639175257731
27,67,34,44,45,-2.764705882352941
54,44,66,65,86,-31.181818181818183
7,83,31,7,52,-130.6451612903226
4,15,58,88,65,7.5344827586206895
99,4,43,100,9,217.9767441860465
18,79,34,83,56,77.02941176470588
41,67,12,98,36,558.0
8,62,54,38,37,1.2962962962962963
37,61,52,56,91,-65.96153846153847
51,40,41,23,100,-170.90243902439025
8,68,9,98,33,548.8888888888889
40,33,79,17,99,-75.77215189873418
60,15,98,28,79,-39.03061224489796
77,62,71,16,17,-1.9577464788732395
52,47,76,57,26,40.38157894736842
62,17,80,33,92,-58.2625
92,99,7,32,98,-1800.857142857143
3,28,82,78,66,4.536585365853659
83,88,59,50,73,-66.66101694915254
33,33,89,53,93,-29.662921348314608
38,32,77,59,4,50.0
5,57,60,1,34,-34.1
1,10,2,97,96,5.5
25,59,59,40,63,-32.74576271186441
55,69,76,59,31,45.68421052631579
78,45,84,71,20,74.67857142857143
31,32,74,9,83,-63.0
38,1,10,13,15,-7.8
1,81,91,44,52,-7.208791208791209
77,100,58,83,15,207.51724137931035
70,6,99,84,71,9.97979797979798
40,64,56,44,64,-37.142857142857146
41,46,27,45,84,-125.66666666666667
61,19,87,51,28,21.149425287356323
4,72,42,69,74,-9.047619047619047
2,47,41,40,11,34.65853658536585
52,17,93,75,64,8.161290322580646
82,51,70,66,10,106.39999999999999
45,24,23,40,45,-15.0
27,24,26,80,87,-13.73076923076923
58,81,40,32,6,90.35000000000001
38,44,3,94,50,1202.6666666666665
73,63,92,58,48,14.782608695652172
46,93,67,27,63,-74.68656716417911
8,56,29,61,2,130.20689655172413
57,79,85,93,41,83.2
79,25,23,47,95,-217.04347826086956
14,66,8,62,72,-100.0
56,90,60,49,42,17.03333333333333
14,58,21,22,42,-68.57142857142857
37,43,77,97,82,15.584415584415583
7,16,35,31,97,-43.371428571428574
69,76,88,60,70,-16.477272727272727
75,18,49,21,78,-108.18367346938776
37,53,36,44,4,100.0
53,37,28,9,71,-199.2857142857143
2,72,41,15,48,-59.5609756097561
79,58,76,93,86,12.618421052631579
98,3,20,2,12,-50.5
8,39,16,52,26,76.375
29,11,61,95,54,26.885245901639344
56,4,36,12,94,-136.66666666666669
70,89,96,62,12,82.8125
15,68,67,100,81,23.53731343283582
39,23,77,49,79,-24.155844155844157
4,23,16,43,39,6.75
37,22,66,54,87,-29.5
49,43,20,9,19,-46.0
79,53,88,3,81,-117.0
21,1,73,62,1,18.383561643835616
84,48,53,80,70,24.90566037735849
45,46,12,18,15,22.75
89,85,60,49,28,60.9
46,75,2,97,48,2964.5
84,38,94,78,9,89.5531914893617
7,17,21,71,92,-24.0
99,65,27,28,15,78.96296296296296
60,75,44,22,85,-193.29545454545456
12,23,8,42,95,-231.875
84,18,91,83,48,39.23076923076923
36,99,5,92,93,-27.0
58,34,96,10,96,-82.41666666666667
2,22,77,83,46,11.532467532467532
81,84,18,80,38,385.0
17,15,38,1,42,-34.526315789473685
47,78,79,34,26,12.658227848101266
59,94,82,62,61,1.8658536585365855
78,76,52,36,6,88.84615384615385
51,41,27,20,96,-258.962962962963
62,37,35,62,31,87.6857142857143
88,51,35,54,54,0.0
41,71,94,92,75,20.25531914893617
36,24,87,51,91,-27.586206896551726
52,1,62,46,89,-36.75806451612903
41,4,63,96,14,58.57142857142857
34,2,95,87,59,10.610526315789475
91,65,74,90,69,44.27027027027027
35,74,73,56,96,-59.726027397260275
47,81,98,70,90,-26.122448979591834
79,64,97,17,83,-97.29896907216495
69,87,56,20,49,-80.78571428571428
38,75,99,28,94,-75.33333333333333
7,94,35,31,19,34.628571428571426
65,70,28,26,96,-337.5
24,84,27,7,21,-56.0
74,4,82,13,20,-6.658536585365853
1,87,84,77,41,37.714285714285715
40,18,22,90,63,71.18181818181817
73,6,27,85,84,2.925925925925926
94,56,84,88,3,151.7857142857143
32,47,73,60,63,-3.2465753424657535
3,57,53,2,40,-43.0188679245283
50,35,69,69,78,-11.086956521739129
4,72,59,63,48,19.322033898305083
17,25,45,29,55,-24.266666666666666
46,96,63,79,100,-47.333333333333336
71,58,14,43,94,-469.9285714285714
37,46,18,72,28,202.88888888888886
30,75,95,80,35,49.736842105263165
9,42,73,60,56,2.7945205479452055
57,89,42,97,40,198.14285714285714
13,23,33,72,37,38.18181818181818
4,26,99,78,16,18.78787878787879
29,90,84,41,90,-69.41666666666667
13,97,52,56,17,82.5
5,61,14,35,21,66.0
83,65,26,72,78,-34.15384615384615
96,69,1,1,29,-4620.0
32,25,74,50,79,-22.33783783783784
42,36,3,8,54,-1196.0
3,28,21,36,77,-60.523809523809526
75,60,19,53,15,270.0
45,55,11,75,58,154.54545454545456
93,47,26,76,75,5.384615384615385
13,48,18,9,86,-260.94444444444446
26,69,35,43,100,-154.71428571428572
14,78,18,49,74,-127.77777777777777
22,97,11,67,10,616.6363636363636
20,16,32,10,73,-70.875
60,30,94,70,55,14.361702127659575
53,73,36,66,1,227.5
86,77,44,60,6,200.04545454545456
76,18,83,24,22,2.2650602409638556
84,15,76,55,29,33.868421052631575
98,34,28,56,100,-207.42857142857144
97,41,62,79,65,31.16129032258064
72,9,49,48,12,59.51020408163266
65,32,36,35,27,21.555555555555557
14,45,67,12,43,-27.298507462686565
9,55,85,67,71,-3.011764705882353
100,86,89,94,15,165.10112359550564
70,88,44,16,68,-186.72727272727272
59,72,93,55,54,1.4086021505376345
100,40,54,42,39,7.777777777777778
81,18,44,54,11,96.75
21,12,10,96,44,171.6
35,79,14,18,69,-415.2857142857143
18,29,22,57,89,-68.36363636363636
84,76,1,16,45,-4640.0
25,97,100,57,81,-29.28
100,8,75,42,14,40.32
40,54,75,56,10,57.653333333333336
47,84,66,46,86,-79.39393939393939
45,84,56,35,26,20.732142857142854
69,78,66,81,6,167.04545454545453
12,70,43,96,43,101.06976744186046
73,40,61,32,41,-16.672131147540984
8,80,48,7,63,-102.66666666666666
63,20,86,29,92,-60.80232558139535
10,93,67,85,79,9.223880597014926
7,1,86,41,9,2.9767441860465116
53,8,44,5,29,-33.27272727272727
33,32,41,55,42,20.609756097560975
93,48,44,87,64,73.70454545454545
26,63,50,48,66,-32.04
55,98,87,73,16,100.24137931034483
42,99,37,63,91,-106.70270270270271
56,50,98,80,68,12.979591836734695
56,68,81,87,49,58.172839506172835
75,38,2,58,79,-1186.5
34,40,51,8,6,2.9019607843137254
97,93,64,21,35,-41.5625
100,20,39,1,13,-36.92307692307693
88,53,94,16,73,-85.5
25,94,54,32,59,-59.5
28,59,42,92,9,171.92857142857144
55,94,85,86,20,115.69411764705882
11,52,23,26,73,-128.73913043478262
51,99,30,2,1,5.0
13,45,18,56,72,-51.55555555555556
11,3,50,40,23,4.760000000000001
12,81,96,99,87,11.625
56,20,80,11,2,8.549999999999999
34,13,44,83,1,87.59090909090908
61,15,90,94,89,4.222222222222222
36,61,74,56,89,-43.25675675675676
81,64,25,13,88,-435.0
18,14,32,25,38,-13.0
95,75,18,51,86,-330.55555555555554
2,50,59,4,14,-8.813559322033898
86,89,68,41,4,95.22058823529413
64,50,83,92,20,98.89156626506023
58,1,88,37,46,-6.034090909090908
4,60,34,100,77,43.294117647058826
95,43,51,23,82,-159.64705882352942
52,90,33,31,63,-137.6969696969697
62,31,28,54,39,49.82142857142858
20,36,51,50,83,-36.235294117647065
33,68,69,83,41,61.47826086956522
7,79,30,60,71,-31.533333333333335
31,41,5,4,80,-1094.4
92,1,77,4,21,-20.532467532467535
76,14,53,88,38,84.90566037735849
21,41,84,7,36,-21.404761904761905
46,14,77,55,46,7.012987012987013
2,29,33,41,46,-4.696969696969697
83,62,36,9,92,-334.30555555555554
26,24,58,65,40,21.551724137931032
40,22,73,57,85,-23.78082191780822
52,95,9,19,40,-343.0
51,18,44,72,72,0.0
36,51,1,48,45,261.0
49,61,18,42,23,116.1111111111111
45,22,91,45,89,-32.395604395604394
81,27,29,60,99,-145.24137931034483
90,48,29,54,83,-138.0
69,4,13,90,46,247.07692307692307
43,22,59,66,73,-7.711864406779661
2,31,32,46,92,-47.4375
22,8,79,50,100,-18.9873417721519
62,20,66,100,7,115.54545454545455
92,44,9,58,34,362.66666666666663
97,10,97,86,79,7.7216494845360835
64,7,96,88,79,6.65625
59,88,94,81,79,3.127659574468085
12,9,8,41,52,-28.875
1,47,7,51,63,-82.28571428571428
36,56,24,31,56,-95.83333333333334
24,55,82,42,65,-22.15853658536585
95,100,40,27,73,-224.25
23,14,31,97,57,47.74193548387097
45,35,19,98,73,105.26315789473684
56,91,74,86,41,89.39189189189189
100,28,55,11,4,16.29090909090909
2,54,89,28,81,-33.348314606741575
62,9,25,65,98,-93.72
71,97,23,4,3,7.304347826086956
76,20,39,99,10,219.0769230769231
90,21,86,21,50,-37.43023255813954
65,99,61,18,95,-207.01639344262293
78,84,86,80,48,60.27906976744186
20,31,51,79,70,9.0
68,54,4,4,28,-732.0
9,37,58,97,57,31.724137931034484
11,33,59,17,19,-1.4915254237288136
1,23,75,18,63,-14.4
84,90,4,62,93,-1348.5
60,72,39,91,27,216.6153846153846
46,33,84,7,26,-17.86904761904762
3,79,64,66,37,37.15625
5,59,20,74,26,153.60000000000002
61,49,21,32,64,-167.61904761904762
20,31,35,50,89,-56.82857142857143
10,60,74,28,44,-15.135135135135135
36,85,89,14,24,-13.595505617977528
67,89,49,88,100,-38.20408163265306
47,75,80,63,37,39.65
14,41,26,50,41,19.03846153846154
28,57,51,89,53,60.0
39,50,66,61,22,52.590909090909086
54,45,95,64,83,-19.799999999999997
62,10,9,58,28,240.0
54,92,83,11,3,14.072289156626505
94,5,88,95,56,43.875
4,80,52,58,87,-46.84615384615385
73,15,50,19,79,-105.6
31,83,12,87,41,437.0
9,88,12,60,98,-307.1666666666667
1,96,61,80,88,-12.721311475409836
29,12,10,99,4,389.49999999999994
42,27,37,70,39,57.810810810810814
68,41,75,66,70,-5.8133333333333335
99,61,54,17,32,-44.44444444444444
82,86,30,19,30,-61.599999999999994
36,45,12,40,88,-324.0
20,23,22,51,53,-3.909090909090909
61,70,58,22,21,2.2586206896551726
60,42,45,40,1,88.39999999999999
6,85,59,10,34,-37.016949152542374
61,19,62,62,39,29.677419354838708
94,6,4,31,46,-375.0
44,17,30,89,73,32.53333333333333
29,81,58,98,91,13.275862068965518
12,56,67,72,27,45.67164179104478
3,93,88,97,77,21.818181818181817
67,28,2,46,100,-2565.0
59,96,71,7,97,-196.47887323943664
52,46,4,27,30,-73.5
93,26,41,75,38,107.39024390243902
35,82,17,100,20,550.5882352941177
84,17,45,92,99,-15.711111111111112
1,59,36,78,90,-20.0
88,59,53,99,52,130.35849056603774
20,64,54,9,99,-140.0
44,28,47,76,72,6.127659574468085
85,37,26,49,4,211.15384615384616
69,74,69,55,86,-64.2463768115942
19,10,86,6,92,-29.0
20,36,47,70,61,10.72340425531915
23,79,38,57,11,123.47368421052632
81,95,25,73,9,450.56
28,14,9,14,16,-9.333333333333334
12,69,11,32,88,-412.3636363636364
65,1,27,2,15,-31.77777777777778
82,95,89,58,8,99.43820224719101
24,62,39,97,18,174.2051282051282
56,7,80,90,73,13.3875
96,45,39,90,79,39.76923076923077
48,80,95,5,66,-82.18947368421053
73,67,72,94,94,0.0
91,41,78,26,11,25.384615384615383
32,41,19,50,52,-7.684210526315789
24,52,38,46,18,56.0
42,86,38,83,33,168.42105263157893
1,65,46,19,49,-43.04347826086956
67,42,35,67,53,43.6
56,98,81,64,74,-19.012345679012345
54,55,72,37,33,6.055555555555555
86,43,61,30,93,-133.2295081967213
66,8,49,12,46,-51.3469387755102
40,27,50,90,61,38.86
16,38,16,25,95,-236.25
47,35,16,19,70,-261.375
40,47,67,78,66,15.582089552238806
100,29,4,24,88,-2064.0
77,67,7,37,61,-493.7142857142858
87,92,64,100,3,271.296875
57,90,53,7,60,-147.0
60,88,52,96,94,5.6923076923076925
56,26,38,59,33,56.10526315789474
99,53,92,20,54,-56.17391304347826
14,35,64,22,88,-50.53125
39,79,17,42,77,-242.94117647058823
85,37,59,43,11,66.16949152542372
53,24,81,99,76,21.864197530864196
85,58,64,57,56,2.234375
92,25,77,35,16,28.87012987012987
86,92,39,3,98,-433.5897435897436
95,66,72,76,43,73.79166666666667
88,33,69,4,3,1.7536231884057971
19,59,71,26,55,-31.859154929577468
75,7,32,67,63,10.25
25,75,67,12,51,-58.2089552238806
2,60,75,52,56,-3.3066666666666666
71,50,76,27,10,27.06578947368421
46,70,71,53,68,-24.507042253521128
56,60,12,81,13,657.3333333333333
58,53,80,84,77,9.7125
85,26,4,28,57,-804.75
21,82,43,44,52,-19.162790697674417
45,32,64,99,95,4.8125
55,14,89,48,20,21.707865168539325
62,100,18,84,21,567.0
21,33,55,64,2,60.872727272727275
68,81,82,51,28,41.79268292682927
69,88,84,62,30,59.80952380952381
81,22,7,3,78,-1103.5714285714284
18,27,75,48,41,4.2
84,32,91,24,28,-5.0989010989010985
74,2,17,69,50,84.94117647058823
85,72,97,20,85,-105.20618556701031
86,43,43,70,35,105.0
96,1,41,29,96,-158.5121951219512
92,58,53,59,84,-70.75471698113208
47,18,38,28,27,1.7105263157894737
87,92,22,57,55,16.272727272727273
31,44,21,49,80,-110.71428571428572
9,86,70,85,6,107.21428571428572
44,96,23,50,88,-231.30434782608697
20,43,76,46,1,37.30263157894737
98,20,44,8,66,-155.54545454545453
98,64,9,47,36,198.0
58,16,41,52,75,-41.51219512195122
26,30,9,40,25,93.33333333333333
20,92,100,41,23,20.160000000000004
71,86,80,13,21,-15.7
8,8,61,32,63,-8.131147540983607
60,27,45,77,30,90.86666666666667
73,83,74,28,11,35.83783783783783
80,24,43,42,2,96.74418604651163
35,69,22,35,67,-151.27272727272728
26,4,53,33,69,-20.37735849056604
25,83,54,43,26,34.0
53,77,33,41,37,15.757575757575758
62,61,76,26,17,14.56578947368421
55,16,21,93,54,131.85714285714286
28,53,91,23,40,-15.131868131868131
29,59,87,87,44,43.49425287356322
38,12,60,27,96,-57.5
65,72,41,63,15,160.390243902439
55,13,8,43,28,127.5
16,58,47,40,52,-18.893617021276597
42,92,6,85,27,1295.3333333333333
98,65,61,57,72,-40.08196721311476
96,86,43,17,96,-334.37209302325584
44,39,10,55,86,-257.3
19,33,76,37,43,-4.105263157894737
36,78,47,89,65,58.21276595744681
4,34,13,12,9,8.769230769230768
59,46,16,26,19,45.9375
49,57,99,18,49,-33.19191919191919
73,70,68,94,56,79.91176470588236
11,74,68,79,75,5.0
1,67,19,59,20,139.57894736842104
73,71,85,90,63,45.741176470588236
9,73,44,53,24,54.04545454545454
11,69,18,39,93,-240.0
34,10,23,43,40,5.739130434782609
71,77,62,56,15,97.87096774193549
36,70,14,19,36,-128.71428571428572
53,36,45,97,58,77.13333333333334
16,55,53,22,20,2.6792452830188678
34,27,19,28,26,6.421052631578948
5,17,68,22,5,5.5
67,3,76,85,39,42.368421052631575
100,41,70,98,21,155.1
1,45,31,65,58,10.387096774193548
49,95,100,3,50,-67.67999999999999
58,15,59,34,36,-2.4745762711864407
9,69,24,13,9,13.0
83,94,50,70,9,215.94
59,14,26,29,37,-22.46153846153846
64,11,68,16,22,-6.61764705882353
25,87,2,82,19,3528.0
91,87,39,8,89,-369.6923076923077
40,57,49,34,54,-39.59183673469388
24,20,79,41,50,-5.012658227848101
59,6,48,52,81,-39.270833333333336
83,65,85,25,21,6.964705882352941
1,85,94,26,25,0.9148936170212766
57,97,32,43,53,-48.125
7,19,12,49,32,36.83333333333333
4,21,74,97,78,6.418918918918918
49,46,56,31,21,16.964285714285715
70,82,67,53,56,-6.8059701492537314
5,49,86,28,51,-14.44186046511628
40,81,88,10,96,-118.25
32,47,100,97,35,48.980000000000004
82,20,13,82,23,462.9230769230769
11,5,90,70,47,4.0888888888888895
92,6,83,74,67,8.265060240963855
1,18,66,95,8,25.045454545454547
65,45,21,86,56,157.14285714285714
81,25,51,12,34,-45.72549019607843
56,81,49,3,97,-262.8163265306123
87,56,96,85,8,114.69791666666666
11,49,80,64,99,-26.25
68,10,29,73,55,48.41379310344828
5,6,44,78,89,-2.75
88,4,35,59,39,52.57142857142857
96,7,72,53,30,32.90277777777778
30,19,6,37,47,-81.66666666666666
